"id_producto","id_categoria","codigo_interno","tipo_vehiculo","marca","modelo","año","color","chasis","motor","kilometraje","combustible","transmision","numero_puertas","capacidad_pasajeros","estado","procedencia","ubicacion_actual","costo_base","precio_contado_sugerido","precio_venta_minimo","estado_disponibilidad","observaciones","fecha_ingreso","fecha_registro","activo"
1,1,"1C4RJFAM8DC622827",NULL,"JEEP","GRAND CHEROKEE Color: NEGRO Año: 2013 Motor: 3000 c.c",2013,"NEGRO","1C4RJFAM8DC622827","3000",NULL,NULL,NULL,NULL,NULL,NULL,"IMPORTADO",NULL,"0.00","0.00","164000000.00","VENDIDO","Migrado de SQL Server. Chapa: ","2025-10-04","2026-02-03 01:33:20.122474",True
2,1,"ANE11-0023429",NULL,"OTRO","WISH Color: GRIS Año: 2004 Motor: 2000 c.c",2004,"GRIS","ANE11-0023429","2000",NULL,NULL,NULL,NULL,NULL,NULL,"IMPORTADO",NULL,"31271000.00","0.00","74000000.00","VENDIDO","Migrado de SQL Server. Chapa: ","2025-08-19","2026-02-03 01:33:20.122474",True
3,1,"AZR600423658",NULL,"OTRO","VOXY Color: PERLA Año: 2005 Motor: 2000 c.c",2005,"PERLA","AZR600423658","2000",NULL,NULL,NULL,NULL,NULL,NULL,"IMPORTADO",NULL,"0.00","0.00","77600000.00","VENDIDO","Migrado de SQL Server. Chapa: ","2025-10-13","2026-02-03 01:33:20.122474",True
4,1,"AZR600485186",NULL,"OTRO","VOXY Color: NEGRO Año: 2005 Motor: 2000 c.c",2005,"NEGRO","AZR600485186","2000",NULL,NULL,NULL,NULL,NULL,NULL,"IMPORTADO",NULL,"30524000.00","0.00","72000000.00","VENDIDO","Migrado de SQL Server. Chapa: ","2025-10-16","2026-02-03 01:33:20.122474",True
5,1,"AZT240-0001862",NULL,"OTRO","PREMIO Color: PLATA Año: 2002 Motor: 2000 c.c",2002,"PLATA","AZT240-0001862","2000",NULL,NULL,NULL,NULL,NULL,NULL,"IMPORTADO",NULL,"34922000.00","0.00","76000000.00","VENDIDO","Migrado de SQL Server. Chapa: ","2025-08-19","2026-02-03 01:33:20.122474",True
6,1,"AZT2400001889",NULL,"OTRO","PREMIO Color: AZUL Año: 2002 Motor: 2000 c.c",2002,"AZUL","AZT2400001889","2000",NULL,NULL,NULL,NULL,NULL,NULL,"IMPORTADO",NULL,"0.00","0.00","72160000.00","VENDIDO","Migrado de SQL Server. Chapa: ","2025-10-10","2026-02-03 01:33:20.122474",True
7,1,"AZT240-0011993",NULL,"OTRO","ALLION Color: CELESTE Año: 2002 Motor: 2000 c.c",2002,"CELESTE","AZT240-0011993","2000",NULL,NULL,NULL,NULL,NULL,NULL,"IMPORTADO",NULL,"33170000.00","0.00","76000000.00","VENDIDO","Migrado de SQL Server. Chapa: ","2025-08-19","2026-02-03 01:33:20.122474",True
8,1,"AZT241-0031138",NULL,"OTRO","CALDINA Color: BLANCO Año: 2007 Motor: 2000 c.c",2007,"BLANCO","AZT241-0031138","2000",NULL,NULL,NULL,NULL,NULL,NULL,"IMPORTADO",NULL,"35556000.00","0.00","78000000.00","DISPONIBLE","Migrado de SQL Server. Chapa: ","2025-08-19","2026-02-03 01:33:20.122474",True
9,1,"CR400020489",NULL,"OTRO","NOAH Color: BLANCO Año: 1998 Motor: 2000 c.c",1998,"BLANCO","CR400020489","2000",NULL,NULL,NULL,NULL,NULL,NULL,"IMPORTADO",NULL,"0.00","0.00","70000000.00","VENDIDO","Migrado de SQL Server. Chapa: AAUC913","2025-12-12","2026-02-03 01:33:20.122474",True
10,1,"FB15402456",NULL,"OTRO","SUNNY Color: DORADO Año: 2004 Motor: 1500 c.c",2004,"DORADO","FB15402456","1500",NULL,NULL,NULL,NULL,NULL,NULL,"IMPORTADO",NULL,"0.00","0.00","61000000.00","VENDIDO","Migrado de SQL Server. Chapa: ","2025-10-14","2026-02-03 01:33:20.122474",True
11,1,"FB51AB561937",NULL,"OTRO","CANTER Color: BLANCO Año: 2000 Motor: 0 c.c",2000,"BLANCO","FB51AB561937","0",NULL,NULL,NULL,NULL,NULL,NULL,"IMPORTADO",NULL,"48525000.00","0.00","105000000.00","DISPONIBLE","Migrado de SQL Server. Chapa: ","2025-11-13","2026-02-03 01:33:20.122474",True
12,1,"GH2008550",NULL,"OTRO","IMPREZA AUTOMATICO Color: AZUL METALIZADO Año: 2007 Motor: 1500 c.c",2007,"AZUL METALIZADO","GH2008550","1500",NULL,NULL,NULL,NULL,NULL,NULL,"IMPORTADO",NULL,"31471000.00","0.00","76000000.00","DISPONIBLE","Migrado de SQL Server. Chapa: ","2025-12-16","2026-02-03 01:33:20.122474",True
13,1,"GH2027933",NULL,"OTRO","IMPREZA MECANICO Color: LILA Año: 2009 Motor: 1500 c.c",2009,"LILA","GH2027933","1500",NULL,NULL,NULL,NULL,NULL,NULL,"IMPORTADO",NULL,"30064000.00","0.00","76000000.00","DISPONIBLE","Migrado de SQL Server. Chapa: ","2025-12-16","2026-02-03 01:33:20.122474",True
14,1,"J210G0004820",NULL,"OTRO","BEGO Color: AZUL Año: 2006 Motor: 1500 c.c",2006,"AZUL","J210G0004820","1500",NULL,NULL,NULL,NULL,NULL,NULL,"IMPORTADO",NULL,"0.00","0.00","80000000.00","VENDIDO","Migrado de SQL Server. Chapa: ","2025-10-04","2026-02-03 01:33:20.122474",True
15,1,"KMH5281HGMV333958",NULL,"OTRO","SANTAFE Color: GRIS Año: 2021 Motor: 2000 c.c",2021,"GRIS","KMH5281HGMV333958","2000",NULL,NULL,NULL,NULL,NULL,NULL,"IMPORTADO",NULL,"202742000.00","0.00","0.00","DISPONIBLE","Migrado de SQL Server. Chapa: ","2025-08-19","2026-02-03 01:33:20.122474",True
16,1,"KMHJN81VP8U800484",NULL,"OTRO","TUCSON Color: NEGRO Año: 2008 Motor: 2000 c.c",2008,"NEGRO","KMHJN81VP8U800484","2000",NULL,NULL,NULL,NULL,NULL,NULL,"IMPORTADO",NULL,"0.00","0.00","81000000.00","VENDIDO","Migrado de SQL Server. Chapa: ","2025-10-20","2026-02-03 01:33:20.122474",True
17,1,"KMHJU81VBAU037208",NULL,"OTRO","TUCSON Color: GRIS Año: 2010 Motor: 2000 c.c",2010,"GRIS","KMHJU81VBAU037208","2000",NULL,NULL,NULL,NULL,NULL,NULL,"IMPORTADO",NULL,"61034000.00","0.00","157200000.00","VENDIDO","Migrado de SQL Server. Chapa: ","2025-10-16","2026-02-03 01:33:20.122474",True
18,1,"KMHJU81VBAU054728",NULL,"OTRO","TUCSON Color: GRIS Año: 2010 Motor: 2000 c.c",2010,"GRIS","KMHJU81VBAU054728","2000",NULL,NULL,NULL,NULL,NULL,NULL,"IMPORTADO",NULL,"0.00","0.00","0.00","VENDIDO","Migrado de SQL Server. Chapa: ","2025-10-11","2026-02-03 01:33:20.122474",True
19,1,"KMHJU81VBCU300496",NULL,"OTRO","TUCSON Color: GRIS Año: 2012 Motor: 2000 c.c",2012,"GRIS","KMHJU81VBCU300496","2000",NULL,NULL,NULL,NULL,NULL,NULL,"IMPORTADO",NULL,"0.00","0.00","130800000.00","VENDIDO","Migrado de SQL Server. Chapa: ","2025-10-14","2026-02-03 01:33:20.122474",True
20,1,"KMHSW81UBEU267729",NULL,"OTRO","SANTA FE Color: AZUL Año: 2014 Motor: 2000 c.c",2014,"AZUL","KMHSW81UBEU267729","2000",NULL,NULL,NULL,NULL,NULL,NULL,"IMPORTADO",NULL,"88026000.00","0.00","160000000.00","DISPONIBLE","Migrado de SQL Server. Chapa: ","2025-12-16","2026-02-03 01:33:20.122474",True
21,1,"KNAJE55135K073458",NULL,"OTRO","SPORTAGE Color: PLATA Año: 2005 Motor: 2000 c.c",2005,"PLATA","KNAJE55135K073458","2000",NULL,NULL,NULL,NULL,NULL,NULL,"IMPORTADO",NULL,"0.00","0.00","60000000.00","VENDIDO","Migrado de SQL Server. Chapa: HEZ347","2026-01-06","2026-02-03 01:33:20.122474",True
22,1,"KNAPC813BBK009445",NULL,"OTRO","SPORTAGE Color: PLATA Año: 2011 Motor: 2000 c.c",2011,"PLATA","KNAPC813BBK009445","2000",NULL,NULL,NULL,NULL,NULL,NULL,"IMPORTADO",NULL,"0.00","0.00","135000000.00","VENDIDO","Migrado de SQL Server. Chapa: ","2025-10-16","2026-02-03 01:33:20.122474",True
23,1,"KNAPC813BCK169728",NULL,"OTRO","SPORTAGE Color: GRIS Año: 2012 Motor: 2000 c.c",2012,"GRIS","KNAPC813BCK169728","2000",NULL,NULL,NULL,NULL,NULL,NULL,"IMPORTADO",NULL,"0.00","0.00","130050000.00","VENDIDO","Migrado de SQL Server. Chapa: ","2025-10-16","2026-02-03 01:33:20.122474",True
24,1,"KNAPC813BCK170619",NULL,"OTRO","SPORTAGE Color: BLANCO Año: 2012 Motor: 2000 c.c",2012,"BLANCO","KNAPC813BCK170619","2000",NULL,NULL,NULL,NULL,NULL,NULL,"IMPORTADO",NULL,"0.00","0.00","129900000.00","VENDIDO","Migrado de SQL Server. Chapa: AAPK660","2025-10-16","2026-02-03 01:33:20.122474",True
25,1,"KZN1850054938",NULL,"OTRO","HILUX SURF Color: PLATA METALIZADO Año: 1998 Motor: 3000 c.c",1998,"PLATA METALIZADO","KZN1850054938","3000",NULL,NULL,NULL,NULL,NULL,NULL,"IMPORTADO",NULL,"0.00","0.00","130100000.00","VENDIDO","Migrado de SQL Server. Chapa: ","2025-10-16","2026-02-03 01:33:20.122474",True
26,1,"N4F23000366",NULL,"OTRO","ATLAS Color: AZUL Año: 1995 Motor: 2500 c.c",1995,"AZUL","N4F23000366","2500",NULL,NULL,NULL,NULL,NULL,NULL,"IMPORTADO",NULL,"0.00","0.00","0.00","DISPONIBLE","Migrado de SQL Server. Chapa: ","2025-11-03","2026-02-03 01:33:20.122474",True
27,1,"N6F23005908",NULL,"OTRO","ATLAS Color: BLANCO Año: 1999 Motor: 2500 c.c",1999,"BLANCO","N6F23005908","2500",NULL,NULL,NULL,NULL,NULL,NULL,"IMPORTADO",NULL,"0.00","0.00","98080000.00","VENDIDO","Migrado de SQL Server. Chapa: ","2025-10-15","2026-02-03 01:33:20.122474",True
28,1,"NCP1000008030",NULL,"OTRO","RACTIS Color: AZUL METALIZADO Año: 2005 Motor: 1500 c.c",2005,"AZUL METALIZADO","NCP1000008030","1500",NULL,NULL,NULL,NULL,NULL,NULL,"IMPORTADO",NULL,"0.00","0.00","74400000.00","VENDIDO","Migrado de SQL Server. Chapa: ","2025-10-13","2026-02-03 01:33:20.122474",True
29,1,"NCP100-0009336",NULL,"OTRO","RACTIS Color: PERLA Año: 2005 Motor: 1500 c.c",2005,"PERLA","NCP100-0009336","1500",NULL,NULL,NULL,NULL,NULL,NULL,"IMPORTADO",NULL,"30903000.00","0.00","72000000.00","VENDIDO","Migrado de SQL Server. Chapa: ","2025-10-16","2026-02-03 01:33:20.122474",True
30,1,"NCP100-0012961",NULL,"OTRO","RACTIS c/ techo panoramico Color: NEGRO Año: 2005 Motor: 1500 c.c",2005,"NEGRO","NCP100-0012961","1500",NULL,NULL,NULL,NULL,NULL,NULL,"IMPORTADO",NULL,"30954000.00","0.00","76000000.00","DISPONIBLE","Migrado de SQL Server. Chapa: ","2025-11-28","2026-02-03 01:33:20.122474",True
31,1,"NCP100002674",NULL,"OTRO","RACTIS Color: NEGRO Año: 2005 Motor: 1500 c.c",2005,"NEGRO","NCP100002674","1500",NULL,NULL,NULL,NULL,NULL,NULL,"IMPORTADO",NULL,"0.00","0.00","70000000.00","VENDIDO","Migrado de SQL Server. Chapa: ","2025-10-10","2026-02-03 01:33:20.122474",True
32,1,"NCP1000027349",NULL,"OTRO","RACTIS Color: NEGRO Año: 2006 Motor: 1500 c.c",2006,"NEGRO","NCP1000027349","1500",NULL,NULL,NULL,NULL,NULL,NULL,"IMPORTADO",NULL,"0.00","0.00","61600000.00","VENDIDO","Migrado de SQL Server. Chapa: AANG518","2025-10-11","2026-02-03 01:33:20.122474",True
33,1,"NCP1000031061",NULL,"OTRO","RACTIS Color: AZUL METALIZADO Año: 2006 Motor: 1500 c.c",2006,"AZUL METALIZADO","NCP1000031061","1500",NULL,NULL,NULL,NULL,NULL,NULL,"IMPORTADO",NULL,"29970000.00","0.00","74000000.00","VENDIDO","Migrado de SQL Server. Chapa: ","2025-11-13","2026-02-03 01:33:20.122474",True
34,1,"NCP100-0038073",NULL,"OTRO","RACTIS  Color: PLATA Año: 2006 Motor: 1500 c.c",2006,"PLATA","NCP100-0038073","1500",NULL,NULL,NULL,NULL,NULL,NULL,"IMPORTADO",NULL,"34642000.00","0.00","75000000.00","VENDIDO","Migrado de SQL Server. Chapa: ","2025-08-19","2026-02-03 01:33:20.122474",True
35,1,"NCP100-0041079",NULL,"OTRO","RACTIS Color: ROJO Año: 2006 Motor: 1500 c.c",2006,"ROJO","NCP100-0041079","1500",NULL,NULL,NULL,NULL,NULL,NULL,"IMPORTADO",NULL,"33924000.00","0.00","75000000.00","VENDIDO","Migrado de SQL Server. Chapa: ","2025-10-15","2026-02-03 01:33:20.122474",True
36,1,"NCP1000041102",NULL,"OTRO","RACTIS Color: GRIS Año: 2006 Motor: 1500 c.c",2006,"GRIS","NCP1000041102","1500",NULL,NULL,NULL,NULL,NULL,NULL,"IMPORTADO",NULL,"0.00","0.00","74000000.00","VENDIDO","Migrado de SQL Server. Chapa: ","2025-10-15","2026-02-03 01:33:20.122474",True
37,1,"NCP1000043723",NULL,"OTRO","RACTIS Color: PERLA Año: 2006 Motor: 1500 c.c",2006,"PERLA","NCP1000043723","1500",NULL,NULL,NULL,NULL,NULL,NULL,"IMPORTADO",NULL,"0.00","0.00","61200000.00","VENDIDO","Migrado de SQL Server. Chapa: AAOS560","2025-10-15","2026-02-03 01:33:20.122474",True
38,1,"NCP100-0050793",NULL,"OTRO","RACTIS Color: ROJO Año: 2006 Motor: 1500 c.c",2006,"ROJO","NCP100-0050793","1500",NULL,NULL,NULL,NULL,NULL,NULL,"IMPORTADO",NULL,"34755000.00","0.00","75000000.00","VENDIDO","Migrado de SQL Server. Chapa: ","2025-10-15","2026-02-03 01:33:20.122474",True
39,1,"NCP1000051625",NULL,"OTRO","RACTIS Color: AZUL METALIZADO Año: 2006 Motor: 1500 c.c",2006,"AZUL METALIZADO","NCP1000051625","1500",NULL,NULL,NULL,NULL,NULL,NULL,"IMPORTADO",NULL,"0.00","0.00","64050000.00","VENDIDO","Migrado de SQL Server. Chapa: ","2025-09-26","2026-02-03 01:33:20.122474",True
40,1,"NCP1000062635",NULL,"OTRO","RACTIS Color: PERLA Año: 2006 Motor: 1500 c.c",2006,"PERLA","NCP1000062635","1500",NULL,NULL,NULL,NULL,NULL,NULL,"IMPORTADO",NULL,"0.00","0.00","75000000.00","VENDIDO","Migrado de SQL Server. Chapa: ","2025-10-15","2026-02-03 01:33:20.122474",True
41,1,"NCP1000063034",NULL,"OTRO","RACTIS Color: PERLA Año: 2006 Motor: 1500 c.c",2006,"PERLA","NCP1000063034","1500",NULL,NULL,NULL,NULL,NULL,NULL,"IMPORTADO",NULL,"0.00","0.00","68000000.00","VENDIDO","Migrado de SQL Server. Chapa: ","2025-10-10","2026-02-03 01:33:20.122474",True
42,1,"NCP1000069322",NULL,"OTRO","RACTIS Color: PERLA Año: 2006 Motor: 1500 c.c",2006,"PERLA","NCP1000069322","1500",NULL,NULL,NULL,NULL,NULL,NULL,"IMPORTADO",NULL,"0.00","0.00","74900000.00","VENDIDO","Migrado de SQL Server. Chapa: ","2025-10-15","2026-02-03 01:33:20.122474",True
43,1,"NCP1000090281",NULL,"OTRO","RACTIS Color: ROJO Año: 2007 Motor: 1500 c.c",2007,"ROJO","NCP1000090281","1500",NULL,NULL,NULL,NULL,NULL,NULL,"IMPORTADO",NULL,"0.00","0.00","70240000.00","VENDIDO","Migrado de SQL Server. Chapa: ","2025-10-13","2026-02-03 01:33:20.122474",True
44,1,"NCP1000091276",NULL,"OTRO","RACTIS Color: NEGRO Año: 2007 Motor: 1500 c.c",2007,"NEGRO","NCP1000091276","1500",NULL,NULL,NULL,NULL,NULL,NULL,"IMPORTADO",NULL,"0.00","0.00","74800000.00","VENDIDO","Migrado de SQL Server. Chapa: ","2025-10-15","2026-02-03 01:33:20.122474",True
45,1,"NCP1000091449",NULL,"OTRO","RACTIS Color: PERLA Año: 2007 Motor: 1500 c.c",2007,"PERLA","NCP1000091449","1500",NULL,NULL,NULL,NULL,NULL,NULL,"IMPORTADO",NULL,"0.00","0.00","66000000.00","VENDIDO","Migrado de SQL Server. Chapa: ","2025-10-11","2026-02-03 01:33:20.122474",True
46,1,"NCP1000095977",NULL,"OTRO","RACTIS Color: PERLA Año: 2007 Motor: 1500 c.c",2007,"PERLA","NCP1000095977","1500",NULL,NULL,NULL,NULL,NULL,NULL,"IMPORTADO",NULL,"30112000.00","0.00","74000000.00","DISPONIBLE","Migrado de SQL Server. Chapa: ","2025-11-13","2026-02-03 01:33:20.122474",True
47,1,"NCP1000096034",NULL,"OTRO","RACTIS Color: NEGRO Año: 2007 Motor: 1500 c.c",2007,"NEGRO","NCP1000096034","1500",NULL,NULL,NULL,NULL,NULL,NULL,"IMPORTADO",NULL,"30704000.00","0.00","74000000.00","VENDIDO","Migrado de SQL Server. Chapa: ","2025-10-21","2026-02-03 01:33:20.122474",True
48,1,"NCP1000098482",NULL,"OTRO","RACTIS Color: PERLA Año: 2007 Motor: 1500 c.c",2007,"PERLA","NCP1000098482","1500",NULL,NULL,NULL,NULL,NULL,NULL,"IMPORTADO",NULL,"0.00","0.00","73000000.00","VENDIDO","Migrado de SQL Server. Chapa: ","2025-10-15","2026-02-03 01:33:20.122474",True
49,1,"NCP1000100489",NULL,"OTRO","RACTIS Color: NEGRO Año: 2007 Motor: 1300 c.c",2007,"NEGRO","NCP1000100489","1300",NULL,NULL,NULL,NULL,NULL,NULL,"IMPORTADO",NULL,"0.00","0.00","66000000.00","VENDIDO","Migrado de SQL Server. Chapa: ","2025-09-25","2026-02-03 01:33:20.122474",True
50,1,"NCP1000134847",NULL,"OTRO","RACTIS Color: PERLA Año: 2009 Motor: 1500 c.c",2009,"PERLA","NCP1000134847","1500",NULL,NULL,NULL,NULL,NULL,NULL,"IMPORTADO",NULL,"33592000.00","0.00","0.00","VENDIDO","Migrado de SQL Server. Chapa: ","2025-12-16","2026-02-03 01:33:20.122474",True
51,1,"NCP100110413",NULL,"OTRO","VITZ RS Color: GRIS Año: 2001 Motor: 1300 c.c",2001,"GRIS","NCP100110413","1300",NULL,NULL,NULL,NULL,NULL,NULL,"IMPORTADO",NULL,"0.00","0.00","28600000.00","VENDIDO","Migrado de SQL Server. Chapa: ","2025-10-09","2026-02-03 01:33:20.122474",True
52,1,"NCP100111323",NULL,"OTRO","VITZ RS Color: GRIS Año: 2001 Motor: 1300 c.c",2001,"GRIS","NCP100111323","1300",NULL,NULL,NULL,NULL,NULL,NULL,"IMPORTADO",NULL,"0.00","0.00","64800000.00","VENDIDO","Migrado de SQL Server. Chapa: ","2025-10-14","2026-02-03 01:33:20.122474",True
53,1,"NCP1002014700",NULL,"OTRO","RACTIS Color: NEGRO Año: 2010 Motor: 1500 c.c",2010,"NEGRO","NCP1002014700","1500",NULL,NULL,NULL,NULL,NULL,NULL,"IMPORTADO",NULL,"0.00","0.00","78000000.00","VENDIDO","Migrado de SQL Server. Chapa: ","2025-10-13","2026-02-03 01:33:20.122474",True
54,1,"NCP1100004157",NULL,"OTRO","IST Color: PERLA Año: 2007 Motor: 1500 c.c",2007,"PERLA","NCP1100004157","1500",NULL,NULL,NULL,NULL,NULL,NULL,"IMPORTADO",NULL,"0.00","0.00","80120000.00","VENDIDO","Migrado de SQL Server. Chapa: ","2025-10-14","2026-02-03 01:33:20.122474",True
55,1,"NCP110-0008535",NULL,"OTRO","IST Color: PERLA Año: 2007 Motor: 1500 c.c",2007,"PERLA","NCP110-0008535","1500",NULL,NULL,NULL,NULL,NULL,NULL,"IMPORTADO",NULL,"47952000.00","0.00","86000000.00","VENDIDO","Migrado de SQL Server. Chapa: ","2025-10-20","2026-02-03 01:33:20.122474",True
56,1,"NCP1100018407",NULL,"OTRO","IST Color: VIOLETA METALIZADO Año: 2008 Motor: 1500 c.c",2008,"VIOLETA METALIZADO","NCP1100018407","1500",NULL,NULL,NULL,NULL,NULL,NULL,"IMPORTADO",NULL,"42089000.00","0.00","84000000.00","DISPONIBLE","Migrado de SQL Server. Chapa: ","2025-12-16","2026-02-03 01:33:20.122474",True
57,1,"NCP12-0150123",NULL,"OTRO","PLATZ Color: CHAMPAGNE Año: 2001 Motor: 1500 c.c",2001,"CHAMPAGNE","NCP12-0150123","1500",NULL,NULL,NULL,NULL,NULL,NULL,"IMPORTADO",NULL,"31757000.00","0.00","70000000.00","DISPONIBLE","Migrado de SQL Server. Chapa: ","2025-08-19","2026-02-03 01:33:20.122474",True
58,1,"NCP1202031798",NULL,"OTRO","RACTIS Color: PLATA Año: 2011 Motor: 1500 c.c",2011,"PLATA","NCP1202031798","1500",NULL,NULL,NULL,NULL,NULL,NULL,"IMPORTADO",NULL,"36280000.00","0.00","82000000.00","DISPONIBLE","Migrado de SQL Server. Chapa: ","2025-12-16","2026-02-03 01:33:20.122474",True
59,1,"NCP1202048201",NULL,"OTRO","RACTIS Color: ROJO Año: 2012 Motor: 1500 c.c",2012,"ROJO","NCP1202048201","1500",NULL,NULL,NULL,NULL,NULL,NULL,"IMPORTADO",NULL,"0.00","0.00","85500000.00","VENDIDO","Migrado de SQL Server. Chapa: ","2025-10-13","2026-02-03 01:33:20.122474",True
60,1,"NCP120352110",NULL,"OTRO","PLATZ Color: PERLA Año: 2004 Motor: 1300 c.c",2004,"PERLA","NCP120352110","1300",NULL,NULL,NULL,NULL,NULL,NULL,"IMPORTADO",NULL,"0.00","0.00","62500000.00","VENDIDO","Migrado de SQL Server. Chapa: ","2025-09-26","2026-02-03 01:33:20.122474",True
61,1,"NCP1206001033",NULL,"OTRO","TREZIA Color: PLATA Año: 2011 Motor: 1500 c.c",2011,"PLATA","NCP1206001033","1500",NULL,NULL,NULL,NULL,NULL,NULL,"IMPORTADO",NULL,"0.00","0.00","73000000.00","VENDIDO","Migrado de SQL Server. Chapa: ","2025-10-10","2026-02-03 01:33:20.122474",True
62,1,"NCP130026674",NULL,"OTRO","VITZ RS Color: AZUL Año: 2001 Motor: 1300 c.c",2001,"AZUL","NCP130026674","1300",NULL,NULL,NULL,NULL,NULL,NULL,"IMPORTADO",NULL,"0.00","0.00","65000000.00","VENDIDO","Migrado de SQL Server. Chapa: ","2025-10-01","2026-02-03 01:33:20.122474",True
63,1,"NCP1312000954",NULL,"OTRO","VITZ RS Color: TURQUESA Año: 2011 Motor: 1500 c.c",2011,"TURQUESA","NCP1312000954","1500",NULL,NULL,NULL,NULL,NULL,NULL,"IMPORTADO",NULL,"47275000.00","0.00","92000000.00","VENDIDO","Migrado de SQL Server. Chapa: ","2025-11-13","2026-02-03 01:33:20.122474",True
64,1,"NCP1312002945",NULL,"OTRO","VITZ RS Color: NEGRO Año: 2011 Motor: 1500 c.c",2011,"NEGRO","NCP1312002945","1500",NULL,NULL,NULL,NULL,NULL,NULL,"IMPORTADO",NULL,"0.00","0.00","81000000.00","VENDIDO","Migrado de SQL Server. Chapa: ANAV503","2025-10-17","2026-02-03 01:33:20.122474",True
65,1,"NCP1312003880",NULL,"OTRO","VITZ RS Color: GRIS Año: 2011 Motor: 1500 c.c",2011,"GRIS","NCP1312003880","1500",NULL,NULL,NULL,NULL,NULL,NULL,"IMPORTADO",NULL,"0.00","0.00","78000000.00","VENDIDO","Migrado de SQL Server. Chapa: ","2025-10-03","2026-02-03 01:33:20.122474",True
66,1,"NCP1312009432",NULL,"OTRO","VITZ RS Color: BLANCO Año: 2011 Motor: 1500 c.c",2011,"BLANCO","NCP1312009432","1500",NULL,NULL,NULL,NULL,NULL,NULL,"IMPORTADO",NULL,"0.00","0.00","82200000.00","VENDIDO","Migrado de SQL Server. Chapa: ","2025-10-01","2026-02-03 01:33:20.122474",True
67,1,"NCP1312010846",NULL,"OTRO","VITZ RS Color: GRIS Año: 2012 Motor: 1500 c.c",2012,"GRIS","NCP1312010846","1500",NULL,NULL,NULL,NULL,NULL,NULL,"IMPORTADO",NULL,"49028000.00","0.00","94000000.00","VENDIDO","Migrado de SQL Server. Chapa: ","2025-11-13","2026-02-03 01:33:20.122474",True
68,1,"NCP160019988",NULL,"OTRO","PLATZ Color: PERLA Año: 2004 Motor: 1300 c.c",2004,"PERLA","NCP160019988","1300",NULL,NULL,NULL,NULL,NULL,NULL,"IMPORTADO",NULL,"0.00","0.00","33000000.00","VENDIDO","Migrado de SQL Server. Chapa: ","2025-10-10","2026-02-03 01:33:20.122474",True
69,1,"NCP200068252",NULL,"OTRO","FUNCARGO Color: PLATA Año: 2000 Motor: 1300 c.c",2000,"PLATA","NCP200068252","1300",NULL,NULL,NULL,NULL,NULL,NULL,"IMPORTADO",NULL,"0.00","0.00","61150000.00","VENDIDO","Migrado de SQL Server. Chapa: ","2025-10-10","2026-02-03 01:33:20.122474",True
70,1,"NCP200121892",NULL,"OTRO","FUNCARGO Color: PLATA Año: 2000 Motor: 1300 c.c",2000,"PLATA","NCP200121892","1300",NULL,NULL,NULL,NULL,NULL,NULL,"IMPORTADO",NULL,"0.00","0.00","57000000.00","VENDIDO","Migrado de SQL Server. Chapa: ","2025-10-10","2026-02-03 01:33:20.122474",True
71,1,"NCP200125597",NULL,"OTRO","FUNCARGO Color: BLANCO Año: 2000 Motor: 1500 c.c",2000,"BLANCO","NCP200125597","1500",NULL,NULL,NULL,NULL,NULL,NULL,"IMPORTADO",NULL,"0.00","0.00","62100000.00","VENDIDO","Migrado de SQL Server. Chapa: ","2025-10-10","2026-02-03 01:33:20.122474",True
72,1,"NCP20-0131168",NULL,"OTRO","FUNCARGO Color: PLATA Año: 2000 Motor: 1300 c.c",2000,"PLATA","NCP20-0131168","1300",NULL,NULL,NULL,NULL,NULL,NULL,"IMPORTADO",NULL,"33347000.00","0.00","64000000.00","VENDIDO","Migrado de SQL Server. Chapa: AAXC916","2025-10-17","2026-02-03 01:33:20.122474",True
73,1,"NCP20-0249324",NULL,"OTRO","FUNCARGO Color: GRIS Año: 2002 Motor: 1300 c.c",2002,"GRIS","NCP20-0249324","1300",NULL,NULL,NULL,NULL,NULL,NULL,"IMPORTADO",NULL,"32604000.00","0.00","64000000.00","VENDIDO","Migrado de SQL Server. Chapa: AAVX561","2025-10-17","2026-02-03 01:33:20.122474",True
74,1,"NCP200253808",NULL,"OTRO","FUNCARGO Color: PLATA Año: 2002 Motor: 1300 c.c",2002,"PLATA","NCP200253808","1300",NULL,NULL,NULL,NULL,NULL,NULL,"IMPORTADO",NULL,"29900000.00","0.00","70000000.00","VENDIDO","Migrado de SQL Server. Chapa: ","2025-11-13","2026-02-03 01:33:20.122474",True
75,1,"NCP200300725",NULL,"OTRO","FUNCARGO Color: CELESTE PLATA Año: 2003 Motor: 1300 c.c",2003,"CELESTE PLATA","NCP200300725","1300",NULL,NULL,NULL,NULL,NULL,NULL,"IMPORTADO",NULL,"0.00","0.00","63000000.00","VENDIDO","Migrado de SQL Server. Chapa: ","2025-10-09","2026-02-03 01:33:20.122474",True
76,1,"NCP200337514",NULL,"OTRO","FUNCARGO Color: PERLA Año: 2004 Motor: 1300 c.c",2004,"PERLA","NCP200337514","1300",NULL,NULL,NULL,NULL,NULL,NULL,"IMPORTADO",NULL,"0.00","0.00","64800000.00","VENDIDO","Migrado de SQL Server. Chapa: ","2025-10-13","2026-02-03 01:33:20.122474",True
77,1,"NCP20-0340089",NULL,"OTRO","FUNCARGO Color: CELESTE Año: 2004 Motor: 1300 c.c",2004,"CELESTE","NCP20-0340089","1300",NULL,NULL,NULL,NULL,NULL,NULL,"IMPORTADO",NULL,"32595000.00","0.00","66000000.00","VENDIDO","Migrado de SQL Server. Chapa: ","2025-08-19","2026-02-03 01:33:20.122474",True
78,1,"NCP210019604",NULL,"OTRO","FUNCARGO Color: NEGRO Año: 2000 Motor: 1500 c.c",2000,"NEGRO","NCP210019604","1500",NULL,NULL,NULL,NULL,NULL,NULL,"IMPORTADO",NULL,"0.00","0.00","68000000.00","VENDIDO","Migrado de SQL Server. Chapa: ","2025-10-15","2026-02-03 01:33:20.122474",True
79,1,"NCP600046018",NULL,"OTRO","IST Color: PLATA Año: 2002 Motor: 1300 c.c",2002,"PLATA","NCP600046018","1300",NULL,NULL,NULL,NULL,NULL,NULL,"IMPORTADO",NULL,"35000000.00","0.00","66800000.00","VENDIDO","Migrado de SQL Server. Chapa: ","2025-10-13","2026-02-03 01:33:20.122474",True
80,1,"NCP600151274",NULL,"OTRO","IST Color: PLATA Año: 2004 Motor: 1500 c.c",2004,"PLATA","NCP600151274","1500",NULL,NULL,NULL,NULL,NULL,NULL,"IMPORTADO",NULL,"0.00","0.00","0.00","VENDIDO","Migrado de SQL Server. Chapa: ","2025-10-10","2026-02-03 01:33:20.122474",True
81,1,"NCP650004370",NULL,"OTRO","IST Color: PLATA Año: 2002 Motor: 1500 c.c",2002,"PLATA","NCP650004370","1500",NULL,NULL,NULL,NULL,NULL,NULL,"IMPORTADO",NULL,"0.00","0.00","62000000.00","VENDIDO","Migrado de SQL Server. Chapa: ","2025-09-27","2026-02-03 01:33:20.122474",True
82,1,"NCP650019393",NULL,"OTRO","IST Color: PERLA Año: 2003 Motor: 1500 c.c",2003,"PERLA","NCP650019393","1500",NULL,NULL,NULL,NULL,NULL,NULL,"IMPORTADO",NULL,"0.00","0.00","66000000.00","VENDIDO","Migrado de SQL Server. Chapa: ","2025-10-10","2026-02-03 01:33:20.122474",True
83,1,"NCP650019444",NULL,"OTRO","IST Color: NEGRO Año: 2003 Motor: 1500 c.c",2003,"NEGRO","NCP650019444","1500",NULL,NULL,NULL,NULL,NULL,NULL,"IMPORTADO",NULL,"0.00","0.00","64500000.00","VENDIDO","Migrado de SQL Server. Chapa: ","2025-09-27","2026-02-03 01:33:20.122474",True
84,1,"NCP810001802",NULL,"OTRO","SIENTA Color: BLANCO Año: 2003 Motor: 1500 c.c",2003,"BLANCO","NCP810001802","1500",NULL,NULL,NULL,NULL,NULL,NULL,"IMPORTADO",NULL,"0.00","0.00","73070000.00","VENDIDO","Migrado de SQL Server. Chapa: ","2025-10-16","2026-02-03 01:33:20.122474",True
85,1,"NCP81-0032026",NULL,"OTRO","SIENTA Color: PERLA Año: 2004 Motor: 1500 c.c",2004,"PERLA","NCP81-0032026","1500",NULL,NULL,NULL,NULL,NULL,NULL,"IMPORTADO",NULL,"32155000.00","0.00","70000000.00","VENDIDO","Migrado de SQL Server. Chapa: ","2025-08-19","2026-02-03 01:33:20.122474",True
86,1,"NCP810038560",NULL,"OTRO","SIENTA Color: ROJO Año: 2004 Motor: 1500 c.c",2004,"ROJO","NCP810038560","1500",NULL,NULL,NULL,NULL,NULL,NULL,"IMPORTADO",NULL,"0.00","0.00","60050000.00","VENDIDO","Migrado de SQL Server. Chapa: ","2025-10-09","2026-02-03 01:33:20.122474",True
87,1,"NCP810090349",NULL,"OTRO","SIENTA Color: AZUL Año: 2005 Motor: 1500 c.c",2005,"AZUL","NCP810090349","1500",NULL,NULL,NULL,NULL,NULL,NULL,"IMPORTADO",NULL,"0.00","0.00","76000000.00","VENDIDO","Migrado de SQL Server. Chapa: ","2025-10-14","2026-02-03 01:33:20.122474",True
88,1,"NCP81-0091601",NULL,"OTRO","SIENTA Color: CELESTE Año: 2005 Motor: 1500 c.c",2005,"CELESTE","NCP81-0091601","1500",NULL,NULL,NULL,NULL,NULL,NULL,"IMPORTADO",NULL,"32217000.00","0.00","70000000.00","VENDIDO","Migrado de SQL Server. Chapa: ","2025-10-16","2026-02-03 01:33:20.122474",True
89,1,"NCP810104571",NULL,"OTRO","SIENTA Color: PERLA Año: 2005 Motor: 1500 c.c",2005,"PERLA","NCP810104571","1500",NULL,NULL,NULL,NULL,NULL,NULL,"IMPORTADO",NULL,"0.00","0.00","64000000.00","VENDIDO","Migrado de SQL Server. Chapa: ","2025-10-09","2026-02-03 01:33:20.122474",True
90,1,"NCP810110438",NULL,"OTRO","SIENTA Color: PERLA Año: 2005 Motor: 1500 c.c",2005,"PERLA","NCP810110438","1500",NULL,NULL,NULL,NULL,NULL,NULL,"IMPORTADO",NULL,"0.00","0.00","68040000.00","VENDIDO","Migrado de SQL Server. Chapa: ","2025-10-13","2026-02-03 01:33:20.122474",True
91,1,"NCP810126616",NULL,"OTRO","SIENTA Color: PERLA Año: 2005 Motor: 1500 c.c",2005,"PERLA","NCP810126616","1500",NULL,NULL,NULL,NULL,NULL,NULL,"IMPORTADO",NULL,"0.00","0.00","72080000.00","VENDIDO","Migrado de SQL Server. Chapa: ","2025-10-16","2026-02-03 01:33:20.122474",True
92,1,"NCP815001383",NULL,"OTRO","SIENTA Color: PERLA Año: 2006 Motor: 1500 c.c",2006,"PERLA","NCP815001383","1500",NULL,NULL,NULL,NULL,NULL,NULL,"IMPORTADO",NULL,"0.00","0.00","60000000.00","VENDIDO","Migrado de SQL Server. Chapa: ","2025-10-03","2026-02-03 01:33:20.122474",True
93,1,"NCP815004671",NULL,"OTRO","SIENTA Color: PLATA Año: 2006 Motor: 1500 c.c",2006,"PLATA","NCP815004671","1500",NULL,NULL,NULL,NULL,NULL,NULL,"IMPORTADO",NULL,"0.00","0.00","60000000.00","VENDIDO","Migrado de SQL Server. Chapa: ","2025-09-26","2026-02-03 01:33:20.122474",True
94,1,"NCP815005662",NULL,"OTRO","SIENTA Color: PLATA Año: 2006 Motor: 1500 c.c",2006,"PLATA","NCP815005662","1500",NULL,NULL,NULL,NULL,NULL,NULL,"IMPORTADO",NULL,"30418000.00","0.00","70000000.00","VENDIDO","Migrado de SQL Server. Chapa: ","2025-11-13","2026-02-03 01:33:20.122474",True
95,1,"NCP815028364",NULL,"OTRO","SIENTA Color: PLATA Año: 2007 Motor: 1500 c.c",2007,"PLATA","NCP815028364","1500",NULL,NULL,NULL,NULL,NULL,NULL,"IMPORTADO",NULL,"0.00","0.00","74050000.00","VENDIDO","Migrado de SQL Server. Chapa: AAXC793","2025-10-16","2026-02-03 01:33:20.122474",True
96,1,"NCP815038960",NULL,"OTRO","SIENTA Color: ROJO Año: 2007 Motor: 1500 c.c",2007,"ROJO","NCP815038960","1500",NULL,NULL,NULL,NULL,NULL,NULL,"IMPORTADO",NULL,"0.00","0.00","70110000.00","VENDIDO","Migrado de SQL Server. Chapa: ","2025-10-11","2026-02-03 01:33:20.122474",True
97,1,"NCP815042530",NULL,"OTRO","SIENTA Color: GRIS Año: 2007 Motor: 1500 c.c",2007,"GRIS","NCP815042530","1500",NULL,NULL,NULL,NULL,NULL,NULL,"IMPORTADO",NULL,"30872000.00","0.00","70000000.00","VENDIDO","Migrado de SQL Server. Chapa: ","2025-11-13","2026-02-03 01:33:20.122474",True
98,1,"NCP81-5047650",NULL,"OTRO","SIENTA Color: GRIS Año: 2007 Motor: 1500 c.c",2007,"GRIS","NCP81-5047650","1500",NULL,NULL,NULL,NULL,NULL,NULL,"IMPORTADO",NULL,"34436000.00","0.00","70000000.00","VENDIDO","Migrado de SQL Server. Chapa: ","2025-08-19","2026-02-03 01:33:20.122474",True
99,1,"NCP815049136",NULL,"OTRO","SIENTA Color: PERLA Año: 2007 Motor: 1500 c.c",2007,"PERLA","NCP815049136","1500",NULL,NULL,NULL,NULL,NULL,NULL,"IMPORTADO",NULL,"0.00","0.00","63600000.00","VENDIDO","Migrado de SQL Server. Chapa: ","2025-10-09","2026-02-03 01:33:20.122474",True
100,1,"NCP81-5056957",NULL,"OTRO","SIENTA Color: PLATA Año: 2008 Motor: 1500 c.c",2008,"PLATA","NCP81-5056957","1500",NULL,NULL,NULL,NULL,NULL,NULL,"IMPORTADO",NULL,"32914000.00","0.00","72000000.00","VENDIDO","Migrado de SQL Server. Chapa: ","2025-10-16","2026-02-03 01:33:20.122474",True
101,1,"NCP815057082",NULL,"OTRO","SIENTA Color: GRIS Año: 2008 Motor: 1500 c.c",2008,"GRIS","NCP815057082","1500",NULL,NULL,NULL,NULL,NULL,NULL,"IMPORTADO",NULL,"0.00","0.00","65500000.00","VENDIDO","Migrado de SQL Server. Chapa: AAOS873","2025-10-17","2026-02-03 01:33:20.122474",True
102,1,"NCP815081349",NULL,"OTRO","SIENTA  Color: GRIS Año: 2008 Motor: 1500 c.c",2008,"GRIS","NCP815081349","1500",NULL,NULL,NULL,NULL,NULL,NULL,"IMPORTADO",NULL,"0.00","0.00","71200000.00","VENDIDO","Migrado de SQL Server. Chapa: ","2025-10-11","2026-02-03 01:33:20.122474",True
103,1,"NCP815082858",NULL,"OTRO","SIENTA Color: PERLA Año: 2008 Motor: 1500 c.c",2008,"PERLA","NCP815082858","1500",NULL,NULL,NULL,NULL,NULL,NULL,"IMPORTADO",NULL,"0.00","0.00","69000000.00","VENDIDO","Migrado de SQL Server. Chapa: ","2025-10-11","2026-02-03 01:33:20.122474",True
104,1,"NCP81-5093532",NULL,"OTRO","SIENTA Color: GRIS Año: 2009 Motor: 1500 c.c",2009,"GRIS","NCP81-5093532","1500",NULL,NULL,NULL,NULL,NULL,NULL,"IMPORTADO",NULL,"33527000.00","0.00","74000000.00","VENDIDO","Migrado de SQL Server. Chapa: ","2025-10-14","2026-02-03 01:33:20.122474",True
105,1,"NCP815160602",NULL,"OTRO","SIENTA Color: BORDO Año: 2011 Motor: 1500 c.c",2011,"BORDO","NCP815160602","1500",NULL,NULL,NULL,NULL,NULL,NULL,"IMPORTADO",NULL,"0.00","0.00","81000000.00","VENDIDO","Migrado de SQL Server. Chapa: ","2025-10-13","2026-02-03 01:33:20.122474",True
106,1,"NCP81-5175100",NULL,"OTRO","SIENTA Color: MARRON Año: 2012 Motor: 1500 c.c",2012,"MARRON","NCP81-5175100","1500",NULL,NULL,NULL,NULL,NULL,NULL,"IMPORTADO",NULL,"40047000.00","0.00","80000000.00","DISPONIBLE","Migrado de SQL Server. Chapa: ","2025-08-19","2026-02-03 01:33:20.122474",True
107,1,"NCP81-5205494",NULL,"OTRO","SIENTA Color: BORDO Año: 2013 Motor: 1500 c.c",2013,"BORDO","NCP81-5205494","1500",NULL,NULL,NULL,NULL,NULL,NULL,"IMPORTADO",NULL,"42069000.00","0.00","80000000.00","VENDIDO","Migrado de SQL Server. Chapa: ","2025-10-16","2026-02-03 01:33:20.122474",True
108,1,"NCP815208226",NULL,"OTRO","SIENTA Color: PERLA Año: 2014 Motor: 1500 c.c",2014,"PERLA","NCP815208226","1500",NULL,NULL,NULL,NULL,NULL,NULL,"IMPORTADO",NULL,"39752000.00","0.00","84000000.00","DISPONIBLE","Migrado de SQL Server. Chapa: ","2025-12-16","2026-02-03 01:33:20.122474",True
109,1,"NCP915007906",NULL,"OTRO","VITZ RS Color: GRIS Año: 2005 Motor: 1500 c.c",2005,"GRIS","NCP915007906","1500",NULL,NULL,NULL,NULL,NULL,NULL,"IMPORTADO",NULL,"0.00","0.00","76250000.00","VENDIDO","Migrado de SQL Server. Chapa: ","2025-10-14","2026-02-03 01:33:20.122474",True
110,1,"NCP91-5058534",NULL,"OTRO","VITZ RS MECANICO Color: NEGRO Año: 2006 Motor: 1500 c.c",2006,"NEGRO","NCP91-5058534","1500",NULL,NULL,NULL,NULL,NULL,NULL,"IMPORTADO",NULL,"33863000.00","0.00","78000000.00","VENDIDO","Migrado de SQL Server. Chapa: AAXJ702","2025-11-03","2026-02-03 01:33:20.122474",True
111,1,"NCP91-5091996",NULL,"OTRO","VITZ RS MECANICO Color: BLANCO Año: 2006 Motor: 1500 c.c",2006,"BLANCO","NCP91-5091996","1500",NULL,NULL,NULL,NULL,NULL,NULL,"IMPORTADO",NULL,"33659000.00","0.00","78000000.00","VENDIDO","Migrado de SQL Server. Chapa: ","2025-10-20","2026-02-03 01:33:20.122474",True
112,1,"NCP915128613",NULL,"OTRO","VITZ Color: GRIS Año: 2007 Motor: 1500 c.c",2007,"GRIS","NCP915128613","1500",NULL,NULL,NULL,NULL,NULL,NULL,"IMPORTADO",NULL,"0.00","0.00","0.00","VENDIDO","Migrado de SQL Server. Chapa: ","2025-10-10","2026-02-03 01:33:20.122474",True
113,1,"NCP91-5222097",NULL,"OTRO","VITZ ILL Color: AZUL GRIS Año: 2008 Motor: 1300 c.c",2008,"AZUL GRIS","NCP91-5222097","1300",NULL,NULL,NULL,NULL,NULL,NULL,"IMPORTADO",NULL,"34250000.00","0.00","74000000.00","VENDIDO","Migrado de SQL Server. Chapa: ","2025-08-19","2026-02-03 01:33:20.122474",True
114,1,"NCP915236469",NULL,"OTRO","VITZ RS Color: AZUL Año: 2008 Motor: 1500 c.c",2008,"AZUL","NCP915236469","1500",NULL,NULL,NULL,NULL,NULL,NULL,"IMPORTADO",NULL,"0.00","0.00","67500000.00","VENDIDO","Migrado de SQL Server. Chapa: ","2025-10-03","2026-02-03 01:33:20.122474",True
115,1,"NCP915325258",NULL,"OTRO","VITZ AZUL 2010",2010,"AZUL","NCP915325258","1300",NULL,NULL,NULL,NULL,NULL,NULL,"IMPORTADO",NULL,"0.00","0.00","66500000.00","VENDIDO","Migrado de SQL Server. Chapa: ","2025-09-25","2026-02-03 01:33:20.122474",True
116,1,"NCP95-0021469",NULL,"OTRO","IST Color: PERLA Año: 2003 Motor: 1500 c.c",2003,"PERLA","NCP95-0021469","1500",NULL,NULL,NULL,NULL,NULL,NULL,"IMPORTADO",NULL,"35698000.00","0.00","74000000.00","VENDIDO","Migrado de SQL Server. Chapa: ","2025-08-19","2026-02-03 01:33:20.122474",True
117,1,"NE1511019822",NULL,"OTRO","AURIS Color: PERLA Año: 2007 Motor: 1500 c.c",2007,"PERLA","NE1511019822","1500",NULL,NULL,NULL,NULL,NULL,NULL,"IMPORTADO",NULL,"0.00","0.00","0.00","VENDIDO","Migrado de SQL Server. Chapa: ","2025-10-13","2026-02-03 01:33:20.122474",True
118,1,"NHP102089215",NULL,"OTRO","AQUA Color: NEGRO Año: 2012 Motor: 1500 c.c",2012,"NEGRO","NHP102089215","1500",NULL,NULL,NULL,NULL,NULL,NULL,"IMPORTADO",NULL,"0.00","0.00","90600000.00","VENDIDO","Migrado de SQL Server. Chapa: ","2025-10-04","2026-02-03 01:33:20.122474",True
119,1,"NSP120-2001666",NULL,"OTRO","RACTIS Color: PLATA Año: 2010 Motor: 1300 c.c",2010,"PLATA","NSP120-2001666","1300",NULL,NULL,NULL,NULL,NULL,NULL,"IMPORTADO",NULL,"39512000.00","0.00","80000000.00","VENDIDO","Migrado de SQL Server. Chapa: ","2025-10-16","2026-02-03 01:33:20.122474",True
120,1,"NSP1202001986",NULL,"OTRO","RACTIS Color: AZUL Año: 2010 Motor: 1300 c.c",2010,"AZUL","NSP1202001986","1300",NULL,NULL,NULL,NULL,NULL,NULL,"IMPORTADO",NULL,"0.00","0.00","83000000.00","VENDIDO","Migrado de SQL Server. Chapa: ","2025-10-16","2026-02-03 01:33:20.122474",True
121,1,"NSP1202005146",NULL,"OTRO","RACTIS Color: PERLA Año: 2011 Motor: 1500 c.c",2011,"PERLA","NSP1202005146","1500",NULL,NULL,NULL,NULL,NULL,NULL,"IMPORTADO",NULL,"0.00","0.00","73000000.00","VENDIDO","Migrado de SQL Server. Chapa: ","2025-10-10","2026-02-03 01:33:20.122474",True
122,1,"NSP120-2005357",NULL,"OTRO","RACTIS Color: PERLA Año: 2011 Motor: 1300 c.c",2011,"PERLA","NSP120-2005357","1300",NULL,NULL,NULL,NULL,NULL,NULL,"IMPORTADO",NULL,"40293000.00","0.00","82000000.00","DISPONIBLE","Migrado de SQL Server. Chapa: ","2025-08-19","2026-02-03 01:33:20.122474",True
123,1,"NSP1202016373",NULL,"OTRO","RACTIS  Color: NEGRO Año: 2011 Motor: 1300 c.c",2011,"NEGRO","NSP1202016373","1300",NULL,NULL,NULL,NULL,NULL,NULL,"IMPORTADO",NULL,"0.00","0.00","75040000.00","VENDIDO","Migrado de SQL Server. Chapa: ","2025-10-03","2026-02-03 01:33:20.122474",True
124,1,"NSP1202019319",NULL,"OTRO","RACTIS  Color: PERLA Año: 2011 Motor: 1500 c.c",2011,"PERLA","NSP1202019319","1500",NULL,NULL,NULL,NULL,NULL,NULL,"IMPORTADO",NULL,"0.00","0.00","76200000.00","VENDIDO","Migrado de SQL Server. Chapa: ","2025-10-11","2026-02-03 01:33:20.122474",True
125,1,"NSP120-2026326",NULL,"OTRO","RACTIS Color: AZUL Año: 2011 Motor: 1300 c.c",2011,"AZUL","NSP120-2026326","1300",NULL,NULL,NULL,NULL,NULL,NULL,"IMPORTADO",NULL,"38703000.00","0.00","82000000.00","DISPONIBLE","Migrado de SQL Server. Chapa: ","2025-11-28","2026-02-03 01:33:20.122474",True
126,1,"NSP1202037901",NULL,"OTRO","RACTIS Color: PLATA Año: 2012 Motor: 1300 c.c",2012,"PLATA","NSP1202037901","1300",NULL,NULL,NULL,NULL,NULL,NULL,"IMPORTADO",NULL,"0.00","0.00","83400000.00","VENDIDO","Migrado de SQL Server. Chapa: ","2025-10-15","2026-02-03 01:33:20.122474",True
127,1,"NSP1203002451",NULL,"OTRO","RACTIS Color: NEGRO Año: 2012 Motor: 1300 c.c",2012,"NEGRO","NSP1203002451","1300",NULL,NULL,NULL,NULL,NULL,NULL,"IMPORTADO",NULL,"0.00","0.00","82150000.00","VENDIDO","Migrado de SQL Server. Chapa: ","2025-10-15","2026-02-03 01:33:20.122474",True
128,1,"NSP1206000173",NULL,"OTRO","TREZIA Color: NEGRO Año: 2010 Motor: 1500 c.c",2010,"NEGRO","NSP1206000173","1500",NULL,NULL,NULL,NULL,NULL,NULL,"IMPORTADO",NULL,"0.00","0.00","80360000.00","VENDIDO","Migrado de SQL Server. Chapa: ","2025-10-13","2026-02-03 01:33:20.122474",True
129,1,"NSP130-0003435",NULL,"OTRO","VITZ Color: NEGRO Año: 2011 Motor: 1300 c.c",2011,"NEGRO","NSP130-0003435","1300",NULL,NULL,NULL,NULL,NULL,NULL,"IMPORTADO",NULL,"38305000.00","0.00","80000000.00","DISPONIBLE","Migrado de SQL Server. Chapa: ","2025-08-19","2026-02-03 01:33:20.122474",True
130,1,"NSP1300007274",NULL,"OTRO","VITZ Color: PLATA Año: 2011 Motor: 1300 c.c",2011,"PLATA","NSP1300007274","1300",NULL,NULL,NULL,NULL,NULL,NULL,"IMPORTADO",NULL,"0.00","0.00","82050000.00","VENDIDO","Migrado de SQL Server. Chapa: ","2025-10-15","2026-02-03 01:33:20.122474",True
131,1,"NSP1302003092",NULL,"OTRO","VITZ Color: ROSADO Año: 2011 Motor: 1300 c.c",2011,"ROSADO","NSP1302003092","1300",NULL,NULL,NULL,NULL,NULL,NULL,"IMPORTADO",NULL,"0.00","0.00","85040000.00","VENDIDO","Migrado de SQL Server. Chapa: ","2025-10-13","2026-02-03 01:33:20.122474",True
132,1,"NSP1302006349",NULL,"OTRO","VITZ Color: PERLA Año: 2011 Motor: 1300 c.c",2011,"PERLA","NSP1302006349","1300",NULL,NULL,NULL,NULL,NULL,NULL,"IMPORTADO",NULL,"0.00","0.00","85500000.00","VENDIDO","Migrado de SQL Server. Chapa: ","2025-10-13","2026-02-03 01:33:20.122474",True
133,1,"NSP1302007381",NULL,"OTRO","VITZ Color: NEGRO Año: 2011 Motor: 1300 c.c",2011,"NEGRO","NSP1302007381","1300",NULL,NULL,NULL,NULL,NULL,NULL,"IMPORTADO",NULL,"0.00","0.00","73900000.00","VENDIDO","Migrado de SQL Server. Chapa: ","2025-10-10","2026-02-03 01:33:20.122474",True
134,1,"NSP130-2009672",NULL,"OTRO","VITZ Color: NEGRO Año: 2011 Motor: 1300 c.c",2011,"NEGRO","NSP130-2009672","1300",NULL,NULL,NULL,NULL,NULL,NULL,"IMPORTADO",NULL,"39502000.00","0.00","80000000.00","VENDIDO","Migrado de SQL Server. Chapa: ","2025-08-19","2026-02-03 01:33:20.122474",True
135,1,"NSP1302010884",NULL,"OTRO","VITZ JEWELLA Color: NEGRO Año: 2011 Motor: 1300 c.c",2011,"NEGRO","NSP1302010884","1300",NULL,NULL,NULL,NULL,NULL,NULL,"IMPORTADO",NULL,"0.00","0.00","76500000.00","VENDIDO","Migrado de SQL Server. Chapa: ","2025-09-26","2026-02-03 01:33:20.122474",True
136,1,"NSP1302012184",NULL,"OTRO","VITZ JEWELLA Color: NEGRO Año: 2011 Motor: 1300 c.c",2011,"NEGRO","NSP1302012184","1300",NULL,NULL,NULL,NULL,NULL,NULL,"IMPORTADO",NULL,"0.00","0.00","85700000.00","VENDIDO","Migrado de SQL Server. Chapa: ","2025-10-11","2026-02-03 01:33:20.122474",True
137,1,"NSP1302014954",NULL,"OTRO","VITZ Color: NEGRO Año: 2011 Motor: 1300 c.c",2011,"NEGRO","NSP1302014954","1300",NULL,NULL,NULL,NULL,NULL,NULL,"IMPORTADO",NULL,"0.00","0.00","80000000.00","VENDIDO","Migrado de SQL Server. Chapa: ","2025-10-14","2026-02-03 01:33:20.122474",True
138,1,"NSP1302015586",NULL,"OTRO","VITZ JEWELLA Color: PLATA Año: 2011 Motor: 1300 c.c",2011,"PLATA","NSP1302015586","1300",NULL,NULL,NULL,NULL,NULL,NULL,"IMPORTADO",NULL,"0.00","0.00","79000000.00","VENDIDO","Migrado de SQL Server. Chapa: ","2025-10-10","2026-02-03 01:33:20.122474",True
139,1,"NSP1302019322",NULL,"OTRO","VITZ  Color: BLANCO Año: 2011 Motor: 1300 c.c",2011,"BLANCO","NSP1302019322","1300",NULL,NULL,NULL,NULL,NULL,NULL,"IMPORTADO",NULL,"0.00","0.00","81000000.00","VENDIDO","Migrado de SQL Server. Chapa: ","2025-10-10","2026-02-03 01:33:20.122474",True
140,1,"NSP1302024967",NULL,"OTRO","VITZ Color: GRIS Año: 2011 Motor: 1300 c.c",2011,"GRIS","NSP1302024967","1300",NULL,NULL,NULL,NULL,NULL,NULL,"IMPORTADO",NULL,"0.00","0.00","77600000.00","VENDIDO","Migrado de SQL Server. Chapa: ","2025-10-03","2026-02-03 01:33:20.122474",True
141,1,"NSP1302026419",NULL,"OTRO","VITZ Color: GRIS METALIZADO Año: 2011 Motor: 1300 c.c",2011,"GRIS METALIZADO","NSP1302026419","1300",NULL,NULL,NULL,NULL,NULL,NULL,"IMPORTADO",NULL,"0.00","0.00","81000000.00","VENDIDO","Migrado de SQL Server. Chapa: ","2025-10-10","2026-02-03 01:33:20.122474",True
142,1,"NSP130-2033995",NULL,"OTRO","VITZ Color: PLATA Año: 2011 Motor: 1300 c.c",2011,"PLATA","NSP130-2033995","1300",NULL,NULL,NULL,NULL,NULL,NULL,"IMPORTADO",NULL,"38305000.00","0.00","80000000.00","VENDIDO","Migrado de SQL Server. Chapa: ","2025-08-19","2026-02-03 01:33:20.122474",True
143,1,"NSP130-2035840",NULL,"OTRO","VITZ   Color: PLATA Año: 2011 Motor: 1300 c.c",2011,"PLATA","NSP130-2035840","1300",NULL,NULL,NULL,NULL,NULL,NULL,"IMPORTADO",NULL,"39503000.00","0.00","82000000.00","DISPONIBLE","Migrado de SQL Server. Chapa: ","2025-08-19","2026-02-03 01:33:20.122474",True
144,1,"NSP1302040627",NULL,"OTRO","VITZ JEWELLA Color: MARRON Año: 2011 Motor: 1300 c.c",2011,"MARRON","NSP1302040627","1300",NULL,NULL,NULL,NULL,NULL,NULL,"IMPORTADO",NULL,"0.00","0.00","85000000.00","VENDIDO","Migrado de SQL Server. Chapa: ","2025-10-14","2026-02-03 01:33:20.122474",True
145,1,"NSP1302047102",NULL,"OTRO","VITZ Color: NEGRO Año: 2011 Motor: 1300 c.c",2011,"NEGRO","NSP1302047102","1300",NULL,NULL,NULL,NULL,NULL,NULL,"IMPORTADO",NULL,"0.00","0.00","85040000.00","VENDIDO","Migrado de SQL Server. Chapa: ","2025-10-13","2026-02-03 01:33:20.122474",True
146,1,"NSP130-2051262",NULL,"OTRO","VITZ Color: CELESTE Año: 2011 Motor: 1300 c.c",2011,"CELESTE","NSP130-2051262","1300",NULL,NULL,NULL,NULL,NULL,NULL,"IMPORTADO",NULL,"39503000.00","0.00","80000000.00","VENDIDO","Migrado de SQL Server. Chapa: AAVT446","2025-10-17","2026-02-03 01:33:20.122474",True
147,1,"NSP130-2056570",NULL,"OTRO","VITZ Color: CELESTE Año: 2011 Motor: 1300 c.c",2011,"CELESTE","NSP130-2056570","1300",NULL,NULL,NULL,NULL,NULL,NULL,"IMPORTADO",NULL,"38305000.00","0.00","80000000.00","VENDIDO","Migrado de SQL Server. Chapa: ","2025-08-19","2026-02-03 01:33:20.122474",True
148,1,"NSP130-2061882",NULL,"OTRO","VITZ Color: PERLA Año: 2012 Motor: 1300 c.c",2012,"PERLA","NSP130-2061882","1300",NULL,NULL,NULL,NULL,NULL,NULL,"IMPORTADO",NULL,"39250000.00","0.00","82000000.00","VENDIDO","Migrado de SQL Server. Chapa: ","2025-08-19","2026-02-03 01:33:20.122474",True
149,1,"NSP1302087554",NULL,"OTRO","VITZ Color: PURPURA Año: 2012 Motor: 1300 c.c",2012,"PURPURA","NSP1302087554","1300",NULL,NULL,NULL,NULL,NULL,NULL,"IMPORTADO",NULL,"0.00","0.00","82050000.00","VENDIDO","Migrado de SQL Server. Chapa: ","2025-10-15","2026-02-03 01:33:20.122474",True
150,1,"NSP1302093875",NULL,"OTRO","VITZ Color: PERLA Año: 2012 Motor: 1300 c.c",2012,"PERLA","NSP1302093875","1300",NULL,NULL,NULL,NULL,NULL,NULL,"IMPORTADO",NULL,"0.00","0.00","84000000.00","VENDIDO","Migrado de SQL Server. Chapa: ","2025-10-15","2026-02-03 01:33:20.122474",True
151,1,"NSP1302103157",NULL,"OTRO","VITZ JEWELLA Color: MARRON Año: 2012 Motor: 1300 c.c",2012,"MARRON","NSP1302103157","1300",NULL,NULL,NULL,NULL,NULL,NULL,"IMPORTADO",NULL,"0.00","0.00","75000000.00","VENDIDO","Migrado de SQL Server. Chapa: ","2025-09-27","2026-02-03 01:33:20.122474",True
152,1,"NSP1302116544",NULL,"OTRO","VITZ Color: BORDO Año: 2013 Motor: 1300 c.c",2013,"BORDO","NSP1302116544","1300",NULL,NULL,NULL,NULL,NULL,NULL,"IMPORTADO",NULL,"0.00","0.00","85700000.00","VENDIDO","Migrado de SQL Server. Chapa: ","2025-10-11","2026-02-03 01:33:20.122474",True
153,1,"NSP1302122257",NULL,"OTRO","VITZ Color: PLATA Año: 2013 Motor: 1300 c.c",2013,"PLATA","NSP1302122257","1300",NULL,NULL,NULL,NULL,NULL,NULL,"IMPORTADO",NULL,"0.00","0.00","73800000.00","VENDIDO","Migrado de SQL Server. Chapa: ","2025-10-10","2026-02-03 01:33:20.122474",True
154,1,"NSP1302145211",NULL,"OTRO","VITZ JEWELLA Color: ROJO Año: 2013 Motor: 1300 c.c",2013,"ROJO","NSP1302145211","1300",NULL,NULL,NULL,NULL,NULL,NULL,"IMPORTADO",NULL,"0.00","0.00","74200000.00","VENDIDO","Migrado de SQL Server. Chapa: ","2025-10-09","2026-02-03 01:33:20.122474",True
155,1,"NSP1302181907",NULL,"OTRO","VITZ JEWELLA Color: MARRON Año: 2014 Motor: 1300 c.c",2014,"MARRON","NSP1302181907","1300",NULL,NULL,NULL,NULL,NULL,NULL,"IMPORTADO",NULL,"42727000.00","0.00","88000000.00","DISPONIBLE","Migrado de SQL Server. Chapa: ","2025-11-13","2026-02-03 01:33:20.122474",True
156,1,"NSP1302187779",NULL,"OTRO","VITZ JEWELLA Color: BORDO Año: 2014 Motor: 1300 c.c",2014,"BORDO","NSP1302187779","1300",NULL,NULL,NULL,NULL,NULL,NULL,"IMPORTADO",NULL,"44762000.00","0.00","88580000.00","VENDIDO","Migrado de SQL Server. Chapa: AAXJ870","2025-11-10","2026-02-03 01:33:20.122474",True
157,1,"NSP1302188605",NULL,"OTRO","VITZ Color: AZUL Año: 2014 Motor: 1300 c.c",2014,"AZUL","NSP1302188605","1300",NULL,NULL,NULL,NULL,NULL,NULL,"IMPORTADO",NULL,"42015000.00","0.00","88000000.00","DISPONIBLE","Migrado de SQL Server. Chapa: ","2025-11-13","2026-02-03 01:33:20.122474",True
158,1,"NSP1302234887",NULL,"OTRO","VITZ Color: AZUL Año: 2016 Motor: 1300 c.c",2016,"AZUL","NSP1302234887","1300",NULL,NULL,NULL,NULL,NULL,NULL,"IMPORTADO",NULL,"47120000.00","0.00","98000000.00","DISPONIBLE","Migrado de SQL Server. Chapa: ","2025-11-13","2026-02-03 01:33:20.122474",True
159,1,"NSP1352008263",NULL,"OTRO","VITZ Color: GRIS Año: 2011 Motor: 1300 c.c",2011,"GRIS","NSP1352008263","1300",NULL,NULL,NULL,NULL,NULL,NULL,"IMPORTADO",NULL,"0.00","0.00","84000000.00","VENDIDO","Migrado de SQL Server. Chapa: ","2025-10-14","2026-02-03 01:33:20.122474",True
160,1,"NZE1210068740",NULL,"OTRO","COROLLA RUNX Color: PLATA Año: 2001 Motor: 1500 c.c",2001,"PLATA","NZE1210068740","1500",NULL,NULL,NULL,NULL,NULL,NULL,"IMPORTADO",NULL,"0.00","0.00","76300000.00","VENDIDO","Migrado de SQL Server. Chapa: ","2025-10-15","2026-02-03 01:33:20.122474",True
161,1,"NZE1213091336",NULL,"OTRO","COROLLA SPACIO Color: AZUL Año: 2001 Motor: 1500 c.c",2001,"AZUL","NZE1213091336","1500",NULL,NULL,NULL,NULL,NULL,NULL,"IMPORTADO",NULL,"0.00","0.00","52000000.00","VENDIDO","Migrado de SQL Server. Chapa: BPA217","2025-10-15","2026-02-03 01:33:20.122474",True
162,1,"NZE1213175513",NULL,"OTRO","COROLLA SPACIO Color: PLATA Año: 2003 Motor: 1500 c.c",2003,"PLATA","NZE1213175513","1500",NULL,NULL,NULL,NULL,NULL,NULL,"IMPORTADO",NULL,"33410000.00","0.00","75000000.00","DISPONIBLE","Migrado de SQL Server. Chapa: ","2025-11-28","2026-02-03 01:33:20.122474",True
163,1,"NZE1213204327",NULL,"OTRO","COROLLA SPACIO Color: PLATA Año: 2003 Motor: 1500 c.c",2003,"PLATA","NZE1213204327","1500",NULL,NULL,NULL,NULL,NULL,NULL,"IMPORTADO",NULL,"0.00","0.00","68440000.00","VENDIDO","Migrado de SQL Server. Chapa: ","2025-10-17","2026-02-03 01:33:20.122474",True
164,1,"NZE121-3251918",NULL,"OTRO","SPACIO Color: BLANCO Año: 2004 Motor: 1500 c.c",2004,"BLANCO","NZE121-3251918","1500",NULL,NULL,NULL,NULL,NULL,NULL,"IMPORTADO",NULL,"40073000.00","0.00","75000000.00","DISPONIBLE","Migrado de SQL Server. Chapa: ","2025-11-28","2026-02-03 01:33:20.122474",True
165,1,"NZE1215018002",NULL,"OTRO","ALLEX Color: BEIGE Año: 2002 Motor: 1500 c.c",2002,"BEIGE","NZE1215018002","1500",NULL,NULL,NULL,NULL,NULL,NULL,"IMPORTADO",NULL,"0.00","0.00","64000000.00","VENDIDO","Migrado de SQL Server. Chapa: ","2025-09-25","2026-02-03 01:33:20.122474",True
166,1,"NZE1416039917",NULL,"OTRO","COROLLA AXIO Color: AZUL Año: 2007 Motor: 1500 c.c",2007,"AZUL","NZE1416039917","1500",NULL,NULL,NULL,NULL,NULL,NULL,"IMPORTADO",NULL,"0.00","0.00","81600000.00","VENDIDO","Migrado de SQL Server. Chapa: ","2025-10-15","2026-02-03 01:33:20.122474",True
167,1,"NZE141-6085602",NULL,"OTRO","AXIO Color: AZUL Año: 2008 Motor: 1500 c.c",2008,"AZUL","NZE141-6085602","1500",NULL,NULL,NULL,NULL,NULL,NULL,"IMPORTADO",NULL,"42266000.00","0.00","82000000.00","VENDIDO","Migrado de SQL Server. Chapa: ","2025-08-19","2026-02-03 01:33:20.122474",True
168,1,"NZE1416108567",NULL,"OTRO","COROLLA AXIO Color: BLANCO Año: 2008 Motor: 1500 c.c",2008,"BLANCO","NZE1416108567","1500",NULL,NULL,NULL,NULL,NULL,NULL,"IMPORTADO",NULL,"0.00","0.00","80280000.00","VENDIDO","Migrado de SQL Server. Chapa: ","2025-10-14","2026-02-03 01:33:20.122474",True
169,1,"NZE141-9006279",NULL,"OTRO","FIELDER Color: NEGRO Año: 2006 Motor: 1500 c.c",2006,"NEGRO","NZE141-9006279","1500",NULL,NULL,NULL,NULL,NULL,NULL,"IMPORTADO",NULL,"37460000.00","0.00","78000000.00","DISPONIBLE","Migrado de SQL Server. Chapa: ","2025-08-19","2026-02-03 01:33:20.122474",True
170,1,"NZE1419077389",NULL,"OTRO","COROLLA FIELDER Color: NEGRO Año: 2008 Motor: 1500 c.c",2008,"NEGRO","NZE1419077389","1500",NULL,NULL,NULL,NULL,NULL,NULL,"IMPORTADO",NULL,"0.00","0.00","78070000.00","VENDIDO","Migrado de SQL Server. Chapa: ","2025-10-14","2026-02-03 01:33:20.122474",True
171,1,"NZE1511004914",NULL,"OTRO","AURIS Color: BORDO Año: 2006 Motor: 1500 c.c",2006,"BORDO","NZE1511004914","1500",NULL,NULL,NULL,NULL,NULL,NULL,"IMPORTADO",NULL,"0.00","0.00","79000000.00","VENDIDO","Migrado de SQL Server. Chapa: ","2025-10-03","2026-02-03 01:33:20.122474",True
172,1,"NZE1511008275",NULL,"OTRO","AURIS Color: AZUL Año: 2007 Motor: 1500 c.c",2007,"AZUL","NZE1511008275","1500",NULL,NULL,NULL,NULL,NULL,NULL,"IMPORTADO",NULL,"0.00","0.00","76500000.00","VENDIDO","Migrado de SQL Server. Chapa: ","2025-10-14","2026-02-03 01:33:20.122474",True
173,1,"NZE1511011853",NULL,"OTRO","AURIS Color: AZUL Año: 2007 Motor: 1500 c.c",2007,"AZUL","NZE1511011853","1500",NULL,NULL,NULL,NULL,NULL,NULL,"IMPORTADO",NULL,"0.00","0.00","82000000.00","VENDIDO","Migrado de SQL Server. Chapa: ","2025-10-10","2026-02-03 01:33:20.122474",True
174,1,"NZE1511021307",NULL,"OTRO","AURIS Color: PERLA Año: 2007 Motor: 1500 c.c",2007,"PERLA","NZE1511021307","1500",NULL,NULL,NULL,NULL,NULL,NULL,"IMPORTADO",NULL,"40438000.00","0.00","84000000.00","VENDIDO","Migrado de SQL Server. Chapa: ","2025-11-28","2026-02-03 01:33:20.122474",True
175,1,"NZE1511030410",NULL,"OTRO","AURIS Color: NEGRO Año: 2008 Motor: 1500 c.c",2008,"NEGRO","NZE1511030410","1500",NULL,NULL,NULL,NULL,NULL,NULL,"IMPORTADO",NULL,"0.00","0.00","74100000.00","VENDIDO","Migrado de SQL Server. Chapa: ","2025-09-26","2026-02-03 01:33:20.122474",True
176,1,"NZE1511037395",NULL,"OTRO","AURIS Color: BORDO Año: 2008 Motor: 1500 c.c",2008,"BORDO","NZE1511037395","1500",NULL,NULL,NULL,NULL,NULL,NULL,"IMPORTADO",NULL,"0.00","0.00","80120000.00","VENDIDO","Migrado de SQL Server. Chapa: ","2025-10-04","2026-02-03 01:33:20.122474",True
177,1,"NZE1511038328",NULL,"OTRO","AURIS Color: PERLA Año: 2008 Motor: 1500 c.c",2008,"PERLA","NZE1511038328","1500",NULL,NULL,NULL,NULL,NULL,NULL,"IMPORTADO",NULL,"40985000.00","0.00","84000000.00","VENDIDO","Migrado de SQL Server. Chapa: ","2025-10-16","2026-02-03 01:33:20.122474",True
178,1,"NZE1511044634",NULL,"OTRO","AURIS Color: NEGRO Año: 2008 Motor: 1500 c.c",2008,"NEGRO","NZE1511044634","1500",NULL,NULL,NULL,NULL,NULL,NULL,"IMPORTADO",NULL,"0.00","0.00","72000000.00","VENDIDO","Migrado de SQL Server. Chapa: ","2025-10-03","2026-02-03 01:33:20.122474",True
179,1,"NZE1511056492",NULL,"OTRO","AURIS Color: NEGRO Año: 2008 Motor: 1500 c.c",2008,"NEGRO","NZE1511056492","1500",NULL,NULL,NULL,NULL,NULL,NULL,"IMPORTADO",NULL,"41109000.00","0.00","86000000.00","VENDIDO","Migrado de SQL Server. Chapa: ","2025-11-13","2026-02-03 01:33:20.122474",True
180,1,"NZE1511063419",NULL,"OTRO","AURIS Color: PLATA Año: 2009 Motor: 1500 c.c",2009,"PLATA","NZE1511063419","1500",NULL,NULL,NULL,NULL,NULL,NULL,"IMPORTADO",NULL,"0.00","0.00","84750000.00","VENDIDO","Migrado de SQL Server. Chapa: ","2025-10-16","2026-02-03 01:33:20.122474",True
181,1,"NZE1511066503",NULL,"OTRO","AURIS Color: PLATA Año: 2009 Motor: 1500 c.c",2009,"PLATA","NZE1511066503","1500",NULL,NULL,NULL,NULL,NULL,NULL,"IMPORTADO",NULL,"0.00","0.00","74100000.00","VENDIDO","Migrado de SQL Server. Chapa: ","2025-10-03","2026-02-03 01:33:20.122474",True
182,1,"NZE151-2001711",NULL,"OTRO","AURIS  Color: PLATA Año: 2007 Motor: 1500 c.c",2007,"PLATA","NZE151-2001711","1500",NULL,NULL,NULL,NULL,NULL,NULL,"IMPORTADO",NULL,"41943000.00","0.00","84000000.00","VENDIDO","Migrado de SQL Server. Chapa: ","2025-08-19","2026-02-03 01:33:20.122474",True
183,1,"NZE1541004071",NULL,"OTRO","AURIS Color: LILA Año: 2008 Motor: 1500 c.c",2008,"LILA","NZE1541004071","1500",NULL,NULL,NULL,NULL,NULL,NULL,"IMPORTADO",NULL,"0.00","0.00","46000000.00","VENDIDO","Migrado de SQL Server. Chapa: AAJJ684","2025-10-15","2026-02-03 01:33:20.122474",True
184,1,"NZE181-6000952",NULL,"OTRO","AURIS Color: NEGRO Año: 2012 Motor: 1500 c.c",2012,"NEGRO","NZE181-6000952","1500",NULL,NULL,NULL,NULL,NULL,NULL,"IMPORTADO",NULL,"59612000.00","0.00","106000000.00","VENDIDO","Migrado de SQL Server. Chapa: ","2025-08-19","2026-02-03 01:33:20.122474",True
185,1,"NZE1816006143",NULL,"OTRO","AURIS Color: NEGRO Año: 2013 Motor: 1500 c.c",2013,"NEGRO","NZE1816006143","1500",NULL,NULL,NULL,NULL,NULL,NULL,"IMPORTADO",NULL,"56278000.00","0.00","118000000.00","DISPONIBLE","Migrado de SQL Server. Chapa: ","2025-12-16","2026-02-03 01:33:20.122474",True
186,1,"NZT2400006499",NULL,"OTRO","PREMIO Color: BLANCO Año: 2002 Motor: 1500 c.c",2002,"BLANCO","NZT2400006499","1500",NULL,NULL,NULL,NULL,NULL,NULL,"IMPORTADO",NULL,"40690000.00","0.00","0.00","VENDIDO","Migrado de SQL Server. Chapa: ","2025-12-16","2026-02-03 01:33:20.122474",True
187,1,"NZT2400034751",NULL,"OTRO","ALLION Color: CELESTE Año: 2002 Motor: 1500 c.c",2002,"CELESTE","NZT2400034751","1500",NULL,NULL,NULL,NULL,NULL,NULL,"IMPORTADO",NULL,"40430000.00","0.00","84000000.00","DISPONIBLE","Migrado de SQL Server. Chapa: ","2025-11-13","2026-02-03 01:33:20.122474",True
188,1,"NZT2400045113",NULL,"OTRO","ALLION Color: PLATA Año: 2003 Motor: 1500 c.c",2003,"PLATA","NZT2400045113","1500",NULL,NULL,NULL,NULL,NULL,NULL,"IMPORTADO",NULL,"0.00","0.00","15750000.00","VENDIDO","Migrado de SQL Server. Chapa: ","1753-01-01","2026-02-03 01:33:20.122474",True
189,1,"NZT240004513",NULL,"OTRO","ALLION Color: PLATA Año: 2003 Motor: 1500 c.c",2003,"PLATA","NZT240004513","1500",NULL,NULL,NULL,NULL,NULL,NULL,"IMPORTADO",NULL,"0.00","0.00","15750000.00","DISPONIBLE","Migrado de SQL Server. Chapa: ","1753-01-01","2026-02-03 01:33:20.122474",True
190,1,"NZT2400057427",NULL,"OTRO","PREMIO Color: BLANCO Año: 2004 Motor: 1500 c.c",2004,"BLANCO","NZT2400057427","1500",NULL,NULL,NULL,NULL,NULL,NULL,"IMPORTADO",NULL,"41390000.00","0.00","84000000.00","DISPONIBLE","Migrado de SQL Server. Chapa: ","2025-12-16","2026-02-03 01:33:20.122474",True
191,1,"NZT2405009854",NULL,"OTRO","ALLION Color: BLANCO Año: 2003 Motor: 1500 c.c",2003,"BLANCO","NZT2405009854","1500",NULL,NULL,NULL,NULL,NULL,NULL,"IMPORTADO",NULL,"34880000.00","0.00","84000000.00","DISPONIBLE","Migrado de SQL Server. Chapa: ","2025-11-13","2026-02-03 01:33:20.122474",True
192,1,"NZT2405017512",NULL,"OTRO","ALLION Color: PERLA Año: 2003 Motor: 1500 c.c",2003,"PERLA","NZT2405017512","1500",NULL,NULL,NULL,NULL,NULL,NULL,"IMPORTADO",NULL,"0.00","0.00","80050000.00","VENDIDO","Migrado de SQL Server. Chapa: ","2025-10-16","2026-02-03 01:33:20.122474",True
193,1,"NZT260-3028889",NULL,"OTRO","PREMIO Color: BORDO Año: 2008 Motor: 1500 c.c",2008,"BORDO","NZT260-3028889","1500",NULL,NULL,NULL,NULL,NULL,NULL,"IMPORTADO",NULL,"58086000.00","0.00","104000000.00","VENDIDO","Migrado de SQL Server. Chapa: ","2025-08-19","2026-02-03 01:33:20.122474",True
194,1,"NZT2603058927",NULL,"OTRO","ALLION Color: PLATA Año: 2009 Motor: 1500 c.c",2009,"PLATA","NZT2603058927","1500",NULL,NULL,NULL,NULL,NULL,NULL,"IMPORTADO",NULL,"16000000.00","0.00","84800000.00","VENDIDO","Migrado de SQL Server. Chapa: AARI427","2025-10-17","2026-02-03 01:33:20.122474",True
195,1,"SCP1000003264",NULL,"OTRO","RACTIS Color: GRIS Año: 2005 Motor: 1300 c.c",2005,"GRIS","SCP1000003264","1300",NULL,NULL,NULL,NULL,NULL,NULL,"IMPORTADO",NULL,"28860000.00","0.00","72000000.00","VENDIDO","Migrado de SQL Server. Chapa: ","2025-11-13","2026-02-03 01:33:20.122474",True
196,1,"SCP1000016336",NULL,"OTRO","RACTIS Color: PERLA Año: 2006 Motor: 1300 c.c",2006,"PERLA","SCP1000016336","1300",NULL,NULL,NULL,NULL,NULL,NULL,"IMPORTADO",NULL,"29994000.00","0.00","72000000.00","DISPONIBLE","Migrado de SQL Server. Chapa: ","2025-11-25","2026-02-03 01:33:20.122474",True
197,1,"SCP1000017401",NULL,"OTRO","RACTIS Color: NEGRO Año: 2006 Motor: 1300 c.c",2006,"NEGRO","SCP1000017401","1300",NULL,NULL,NULL,NULL,NULL,NULL,"IMPORTADO",NULL,"0.00","0.00","72240000.00","VENDIDO","Migrado de SQL Server. Chapa: ","2025-10-15","2026-02-03 01:33:20.122474",True
198,1,"SCP1000026313",NULL,"OTRO","RACTIS Color: AZUL METALIZADO Año: 2006 Motor: 1300 c.c",2006,"AZUL METALIZADO","SCP1000026313","1300",NULL,NULL,NULL,NULL,NULL,NULL,"IMPORTADO",NULL,"0.00","0.00","66050000.00","VENDIDO","Migrado de SQL Server. Chapa: ","2025-10-09","2026-02-03 01:33:20.122474",True
199,1,"SCP1000038453",NULL,"OTRO","RACTIS Color: ROJO Año: 2007 Motor: 1300 c.c",2007,"ROJO","SCP1000038453","1300",NULL,NULL,NULL,NULL,NULL,NULL,"IMPORTADO",NULL,"0.00","0.00","64050000.00","VENDIDO","Migrado de SQL Server. Chapa: ","2025-09-26","2026-02-03 01:33:20.122474",True
200,1,"SCP1000042393",NULL,"OTRO","RACTIS Color: NEGRO Año: 2007 Motor: 1300 c.c",2007,"NEGRO","SCP1000042393","1300",NULL,NULL,NULL,NULL,NULL,NULL,"IMPORTADO",NULL,"29974000.00","0.00","74000000.00","VENDIDO","Migrado de SQL Server. Chapa: ","2025-11-28","2026-02-03 01:33:20.122474",True
201,1,"SCP1000052380",NULL,"OTRO","RACTIS Color: PERLA Año: 2008 Motor: 1300 c.c",2008,"PERLA","SCP1000052380","1300",NULL,NULL,NULL,NULL,NULL,NULL,"IMPORTADO",NULL,"30940000.00","0.00","74000000.00","DISPONIBLE","Migrado de SQL Server. Chapa: ","2025-12-16","2026-02-03 01:33:20.122474",True
202,1,"SCP1000054140",NULL,"OTRO","RACTIS Color: AZUL Año: 2008 Motor: 1300 c.c",2008,"AZUL","SCP1000054140","1300",NULL,NULL,NULL,NULL,NULL,NULL,"IMPORTADO",NULL,"0.00","0.00","74700000.00","VENDIDO","Migrado de SQL Server. Chapa: ","2025-10-14","2026-02-03 01:33:20.122474",True
203,1,"SCP1000056742",NULL,"OTRO","RACTIS Color: PLATA Año: 2008 Motor: 1300 c.c",2008,"PLATA","SCP1000056742","1300",NULL,NULL,NULL,NULL,NULL,NULL,"IMPORTADO",NULL,"0.00","0.00","68440000.00","VENDIDO","Migrado de SQL Server. Chapa: ","2025-10-09","2026-02-03 01:33:20.122474",True
204,1,"SCP1000059295",NULL,"OTRO","RACTIS Color: PERLA Año: 2008 Motor: 1300 c.c",2008,"PERLA","SCP1000059295","1300",NULL,NULL,NULL,NULL,NULL,NULL,"IMPORTADO",NULL,"31289000.00","0.00","74000000.00","DISPONIBLE","Migrado de SQL Server. Chapa: ","2025-12-16","2026-02-03 01:33:20.122474",True
205,1,"SCP100-0061049",NULL,"OTRO","RACTIS Color: NEGRO Año: 2009 Motor: 1300 c.c",2009,"NEGRO","SCP100-0061049","1300",NULL,NULL,NULL,NULL,NULL,NULL,"IMPORTADO",NULL,"33755000.00","0.00","74000000.00","VENDIDO","Migrado de SQL Server. Chapa: AAVY435","2025-10-17","2026-02-03 01:33:20.122474",True
206,1,"SCP1000063501",NULL,"OTRO","RACTIS Color: NEGRO Año: 2009 Motor: 1300 c.c",2009,"NEGRO","SCP1000063501","1300",NULL,NULL,NULL,NULL,NULL,NULL,"IMPORTADO",NULL,"0.00","0.00","66500000.00","VENDIDO","Migrado de SQL Server. Chapa: ","2025-11-26","2026-02-03 01:33:20.122474",True
207,1,"SCP1000064973",NULL,"OTRO","RACTIS Color: BORDO Año: 2009 Motor: 1300 c.c",2009,"BORDO","SCP1000064973","1300",NULL,NULL,NULL,NULL,NULL,NULL,"IMPORTADO",NULL,"0.00","0.00","71000000.00","VENDIDO","Migrado de SQL Server. Chapa: ","2025-10-17","2026-02-03 01:33:20.122474",True
208,1,"SCP1000065662",NULL,"OTRO","RACTIS Color: AZUL METALIZADO Año: 2009 Motor: 1300 c.c",2009,"AZUL METALIZADO","SCP1000065662","1300",NULL,NULL,NULL,NULL,NULL,NULL,"IMPORTADO",NULL,"0.00","0.00","69000000.00","VENDIDO","Migrado de SQL Server. Chapa: ","2025-10-10","2026-02-03 01:33:20.122474",True
209,1,"SCP1000069571",NULL,"OTRO","RACTIS Color: AZUL METALIZADO Año: 2009 Motor: 1300 c.c",2009,"AZUL METALIZADO","SCP1000069571","1300",NULL,NULL,NULL,NULL,NULL,NULL,"IMPORTADO",NULL,"0.00","0.00","64000000.00","VENDIDO","Migrado de SQL Server. Chapa: ","2025-10-10","2026-02-03 01:33:20.122474",True
210,1,"SCP100-0069882",NULL,"OTRO","RACTIS Color: AZUL MET Año: 2009 Motor: 1300 c.c",2009,"AZUL MET","SCP100-0069882","1300",NULL,NULL,NULL,NULL,NULL,NULL,"IMPORTADO",NULL,"34772000.00","0.00","74000000.00","DISPONIBLE","Migrado de SQL Server. Chapa: ","2025-08-19","2026-02-03 01:33:20.122474",True
211,1,"SCP1000070305",NULL,"OTRO","RACTIS Color: GRIS Año: 2009 Motor: 1300 c.c",2009,"GRIS","SCP1000070305","1300",NULL,NULL,NULL,NULL,NULL,NULL,"IMPORTADO",NULL,"0.00","0.00","70000000.00","VENDIDO","Migrado de SQL Server. Chapa: ","2025-10-13","2026-02-03 01:33:20.122474",True
212,1,"SCP1000072853",NULL,"OTRO","RACTIS Color: BORDO Año: 2009 Motor: 1300 c.c",2009,"BORDO","SCP1000072853","1300",NULL,NULL,NULL,NULL,NULL,NULL,"IMPORTADO",NULL,"0.00","0.00","68760000.00","VENDIDO","Migrado de SQL Server. Chapa: AARI287","2025-10-15","2026-02-03 01:33:20.122474",True
213,1,"SCP100-0078692",NULL,"OTRO","RACTIS Color: VIOLETA MET Año: 2009 Motor: 1300 c.c",2009,"VIOLETA MET","SCP100-0078692","1300",NULL,NULL,NULL,NULL,NULL,NULL,"IMPORTADO",NULL,"35542000.00","0.00","74000000.00","DISPONIBLE","Migrado de SQL Server. Chapa: ","2025-08-19","2026-02-03 01:33:20.122474",True
214,1,"SCP1000081846",NULL,"OTRO","RACTIS Color: BORDO Año: 2009 Motor: 1300 c.c",2009,"BORDO","SCP1000081846","1300",NULL,NULL,NULL,NULL,NULL,NULL,"IMPORTADO",NULL,"0.00","0.00","66000000.00","VENDIDO","Migrado de SQL Server. Chapa: ","2025-09-26","2026-02-03 01:33:20.122474",True
215,1,"SCP1000082806",NULL,"OTRO","RACTIS Color: VIOLETA METALIZADO Año: 2009 Motor: 1300 c.c",2009,"VIOLETA METALIZADO","SCP1000082806","1300",NULL,NULL,NULL,NULL,NULL,NULL,"IMPORTADO",NULL,"0.00","0.00","71100000.00","VENDIDO","Migrado de SQL Server. Chapa: ","2025-10-13","2026-02-03 01:33:20.122474",True
216,1,"SCP100-2005571",NULL,"OTRO","RACTIS Color: AZUL Año: 2010 Motor: 1300 c.c",2010,"AZUL","SCP100-2005571","1300",NULL,NULL,NULL,NULL,NULL,NULL,"IMPORTADO",NULL,"34355000.00","0.00","75000000.00","DISPONIBLE","Migrado de SQL Server. Chapa: ","2025-08-19","2026-02-03 01:33:20.122474",True
217,1,"SCP1002008128",NULL,"OTRO","RACTIS Color: PERLA Año: 2010 Motor: 1300 c.c",2010,"PERLA","SCP1002008128","1300",NULL,NULL,NULL,NULL,NULL,NULL,"IMPORTADO",NULL,"0.00","0.00","66000000.00","VENDIDO","Migrado de SQL Server. Chapa: ","2025-10-01","2026-02-03 01:33:20.122474",True
218,1,"SCP110072739",NULL,"OTRO","PLATZ Color: DORADO Año: 2003 Motor: 1500 c.c",2003,"DORADO","SCP110072739","1500",NULL,NULL,NULL,NULL,NULL,NULL,"IMPORTADO",NULL,"0.00","0.00","64800000.00","VENDIDO","Migrado de SQL Server. Chapa: ","2025-10-15","2026-02-03 01:33:20.122474",True
219,1,"SCP900009690",NULL,"OTRO","VITZ Color: BLANCO Año: 2005 Motor: 1300 c.c",2005,"BLANCO","SCP900009690","1300",NULL,NULL,NULL,NULL,NULL,NULL,"IMPORTADO",NULL,"0.00","0.00","72000000.00","VENDIDO","Migrado de SQL Server. Chapa: ","2025-10-14","2026-02-03 01:33:20.122474",True
220,1,"SCP900011434",NULL,"OTRO","VITZ Color: AZUL Año: 2005 Motor: 1300 c.c",2005,"AZUL","SCP900011434","1300",NULL,NULL,NULL,NULL,NULL,NULL,"IMPORTADO",NULL,"0.00","0.00","69000000.00","VENDIDO","Migrado de SQL Server. Chapa: ","2025-10-16","2026-02-03 01:33:20.122474",True
221,1,"SCP900018916",NULL,"OTRO","VITZ Color: BLANCO Año: 2005 Motor: 1300 c.c",2005,"BLANCO","SCP900018916","1300",NULL,NULL,NULL,NULL,NULL,NULL,"IMPORTADO",NULL,"31260000.00","0.00","72000000.00","VENDIDO","Migrado de SQL Server. Chapa: ","2025-10-16","2026-02-03 01:33:20.122474",True
222,1,"SCP900018947",NULL,"OTRO","VITZ Color: CELESTE Año: 2005 Motor: 1300 c.c",2005,"CELESTE","SCP900018947","1300",NULL,NULL,NULL,NULL,NULL,NULL,"IMPORTADO",NULL,"0.00","0.00","72180000.00","VENDIDO","Migrado de SQL Server. Chapa: ","2025-10-15","2026-02-03 01:33:20.122474",True
223,1,"SCP900019953",NULL,"OTRO","VITZ Color: ROJO Año: 2005 Motor: 1300 c.c",2005,"ROJO","SCP900019953","1300",NULL,NULL,NULL,NULL,NULL,NULL,"IMPORTADO",NULL,"0.00","0.00","63200000.00","VENDIDO","Migrado de SQL Server. Chapa: ","2025-10-03","2026-02-03 01:33:20.122474",True
224,1,"SCP900023290",NULL,"OTRO","VITZ Color: BLANCO Año: 2005 Motor: 1300 c.c",2005,"BLANCO","SCP900023290","1300",NULL,NULL,NULL,NULL,NULL,NULL,"IMPORTADO",NULL,"31260000.00","0.00","72000000.00","VENDIDO","Migrado de SQL Server. Chapa: ","2025-10-16","2026-02-03 01:33:20.122474",True
225,1,"SCP900029113",NULL,"OTRO","VITZ Color: GRIS Año: 2006 Motor: 1300 c.c",2006,"GRIS","SCP900029113","1300",NULL,NULL,NULL,NULL,NULL,NULL,"IMPORTADO",NULL,"32101000.00","0.00","73000000.00","DISPONIBLE","Migrado de SQL Server. Chapa: ","2025-12-16","2026-02-03 01:33:20.122474",True
226,1,"SCP900035984",NULL,"OTRO","VITZ Color: PLATA Año: 2006 Motor: 1300 c.c",2006,"PLATA","SCP900035984","1300",NULL,NULL,NULL,NULL,NULL,NULL,"IMPORTADO",NULL,"0.00","0.00","64700000.00","VENDIDO","Migrado de SQL Server. Chapa: ","2025-09-27","2026-02-03 01:33:20.122474",True
227,1,"SCP902001249",NULL,"OTRO","VITZ Color: NEGRO Año: 2006 Motor: 1300 c.c",2006,"NEGRO","SCP902001249","1300",NULL,NULL,NULL,NULL,NULL,NULL,"IMPORTADO",NULL,"0.00","0.00","64100000.00","VENDIDO","Migrado de SQL Server. Chapa: ","2025-09-26","2026-02-03 01:33:20.122474",True
228,1,"SCP902003842",NULL,"OTRO","VITZ Color: AZUL Año: 2006 Motor: 1300 c.c",2006,"AZUL","SCP902003842","1300",NULL,NULL,NULL,NULL,NULL,NULL,"IMPORTADO",NULL,"0.00","0.00","66200000.00","VENDIDO","Migrado de SQL Server. Chapa: ","2025-10-10","2026-02-03 01:33:20.122474",True
229,1,"SCP902006658",NULL,"OTRO","VITZ Color: PLATA Año: 2006 Motor: 1300 c.c",2006,"PLATA","SCP902006658","1300",NULL,NULL,NULL,NULL,NULL,NULL,"IMPORTADO",NULL,"31690000.00","0.00","72000000.00","VENDIDO","Migrado de SQL Server. Chapa: ","2025-10-16","2026-02-03 01:33:20.122474",True
230,1,"SCP902010254",NULL,"OTRO","VITZ  Color: NEGRO Año: 2006 Motor: 1300 c.c",2006,"NEGRO","SCP902010254","1300",NULL,NULL,NULL,NULL,NULL,NULL,"IMPORTADO",NULL,"0.00","0.00","72000000.00","VENDIDO","Migrado de SQL Server. Chapa: ","2025-10-15","2026-02-03 01:33:20.122474",True
231,1,"SCP902014716",NULL,"OTRO","VITZ Color: AZUL Año: 2006 Motor: 1300 c.c",2006,"AZUL","SCP902014716","1300",NULL,NULL,NULL,NULL,NULL,NULL,"IMPORTADO",NULL,"0.00","0.00","63000000.00","VENDIDO","Migrado de SQL Server. Chapa: ","2025-09-27","2026-02-03 01:33:20.122474",True
232,1,"SCP902022755",NULL,"OTRO","VITZ Color: AZUL Año: 2007 Motor: 1300 c.c",2007,"AZUL","SCP902022755","1300",NULL,NULL,NULL,NULL,NULL,NULL,"IMPORTADO",NULL,"0.00","0.00","66500000.00","VENDIDO","Migrado de SQL Server. Chapa: ","2025-09-26","2026-02-03 01:33:20.122474",True
233,1,"SCP902026721",NULL,"OTRO","VITZ Color: PLATEADO Año: 2007 Motor: 1300 c.c",2007,"PLATEADO","SCP902026721","1300",NULL,NULL,NULL,NULL,NULL,NULL,"IMPORTADO",NULL,"0.00","0.00","68000000.00","VENDIDO","Migrado de SQL Server. Chapa: ","2025-10-04","2026-02-03 01:33:20.122474",True
234,1,"SCP902029451",NULL,"OTRO","VITZ Color: NEGRO Año: 2007 Motor: 1300 c.c",2007,"NEGRO","SCP902029451","1300",NULL,NULL,NULL,NULL,NULL,NULL,"IMPORTADO",NULL,"0.00","0.00","52500000.00","VENDIDO","Migrado de SQL Server. Chapa: ","2025-11-03","2026-02-03 01:33:20.122474",True
235,1,"SCP902038790",NULL,"OTRO","VITZ Color: PLATA Año: 2007 Motor: 1300 c.c",2007,"PLATA","SCP902038790","1300",NULL,NULL,NULL,NULL,NULL,NULL,"IMPORTADO",NULL,"31842000.00","0.00","0.00","VENDIDO","Migrado de SQL Server. Chapa: ","2025-12-16","2026-02-03 01:33:20.122474",True
236,1,"SCP902042696",NULL,"OTRO","VITZ Color: NEGRO Año: 2007 Motor: 1300 c.c",2007,"NEGRO","SCP902042696","1300",NULL,NULL,NULL,NULL,NULL,NULL,"IMPORTADO",NULL,"0.00","0.00","69800000.00","VENDIDO","Migrado de SQL Server. Chapa: ","2025-10-10","2026-02-03 01:33:20.122474",True
237,1,"SCP902062113",NULL,"OTRO","VITZ Color: NEGRO Año: 2008 Motor: 1300 c.c",2008,"NEGRO","SCP902062113","1300",NULL,NULL,NULL,NULL,NULL,NULL,"IMPORTADO",NULL,"33039000.00","0.00","74000000.00","DISPONIBLE","Migrado de SQL Server. Chapa: ","2025-12-16","2026-02-03 01:33:20.122474",True
238,1,"SCP902068707",NULL,"OTRO","VITZ Color: ROJO Año: 2008 Motor: 1300 c.c",2008,"ROJO","SCP902068707","1300",NULL,NULL,NULL,NULL,NULL,NULL,"IMPORTADO",NULL,"0.00","0.00","73800000.00","VENDIDO","Migrado de SQL Server. Chapa: ","2025-10-16","2026-02-03 01:33:20.122474",True
239,1,"SCP902077371",NULL,"OTRO","VITZ Color: AZUL Año: 2009 Motor: 1300 c.c",2009,"AZUL","SCP902077371","1300",NULL,NULL,NULL,NULL,NULL,NULL,"IMPORTADO",NULL,"0.00","0.00","74200000.00","VENDIDO","Migrado de SQL Server. Chapa: ","2025-10-13","2026-02-03 01:33:20.122474",True
240,1,"SCP902078532",NULL,"OTRO","VITZ Color: PERLA Año: 2009 Motor: 1300 c.c",2009,"PERLA","SCP902078532","1300",NULL,NULL,NULL,NULL,NULL,NULL,"IMPORTADO",NULL,"0.00","0.00","0.00","VENDIDO","Migrado de SQL Server. Chapa: ","2025-10-13","2026-02-03 01:33:20.122474",True
241,1,"SCP902087696",NULL,"OTRO","VITZ Color: BLANCO Año: 2009 Motor: 1300 c.c",2009,"BLANCO","SCP902087696","1300",NULL,NULL,NULL,NULL,NULL,NULL,"IMPORTADO",NULL,"0.00","0.00","66500000.00","VENDIDO","Migrado de SQL Server. Chapa: ","2025-09-26","2026-02-03 01:33:20.122474",True
242,1,"SCP902088367",NULL,"OTRO","VITZ Color: NEGRO Año: 2009 Motor: 1300 c.c",2009,"NEGRO","SCP902088367","1300",NULL,NULL,NULL,NULL,NULL,NULL,"IMPORTADO",NULL,"0.00","0.00","74080000.00","VENDIDO","Migrado de SQL Server. Chapa: ","2025-10-14","2026-02-03 01:33:20.122474",True
243,1,"SCP902091126",NULL,"OTRO","VITZ Color: PLATEADO Año: 2009 Motor: 1300 c.c",2009,"PLATEADO","SCP902091126","1300",NULL,NULL,NULL,NULL,NULL,NULL,"IMPORTADO",NULL,"0.00","0.00","66000000.00","VENDIDO","Migrado de SQL Server. Chapa: ","2025-09-27","2026-02-03 01:33:20.122474",True
244,1,"SCP902092569",NULL,"OTRO","VITZ Color: NEGRO Año: 2009 Motor: 1300 c.c",2009,"NEGRO","SCP902092569","1300",NULL,NULL,NULL,NULL,NULL,NULL,"IMPORTADO",NULL,"33592000.00","0.00","74000000.00","DISPONIBLE","Migrado de SQL Server. Chapa: ","2025-12-16","2026-02-03 01:33:20.122474",True
245,1,"SCP905009372",NULL,"OTRO","VITZ Color: VERDE Año: 2005 Motor: 1300 c.c",2005,"VERDE","SCP905009372","1300",NULL,NULL,NULL,NULL,NULL,NULL,"IMPORTADO",NULL,"0.00","0.00","65000000.00","VENDIDO","Migrado de SQL Server. Chapa: ","2025-10-03","2026-02-03 01:33:20.122474",True
246,1,"SCP905009551",NULL,"OTRO","VITZ Color: NEGRO Año: 2005 Motor: 1300 c.c",2005,"NEGRO","SCP905009551","1300",NULL,NULL,NULL,NULL,NULL,NULL,"IMPORTADO",NULL,"0.00","0.00","72240000.00","VENDIDO","Migrado de SQL Server. Chapa: ","2025-10-13","2026-02-03 01:33:20.122474",True
247,1,"SCP905026370",NULL,"OTRO","VITZ Color: FUCSIA Año: 2005 Motor: 1300 c.c",2005,"FUCSIA","SCP905026370","1300",NULL,NULL,NULL,NULL,NULL,NULL,"IMPORTADO",NULL,"0.00","0.00","44200000.00","VENDIDO","Migrado de SQL Server. Chapa: ","2025-10-31","2026-02-03 01:33:20.122474",True
248,1,"SCP905031106",NULL,"OTRO","VITZ  Color: PURPURA METALIZADO Año: 2005 Motor: 1300 c.c",2005,"PURPURA METALIZADO","SCP905031106","1300",NULL,NULL,NULL,NULL,NULL,NULL,"IMPORTADO",NULL,"0.00","0.00","60400000.00","VENDIDO","Migrado de SQL Server. Chapa: ","2025-10-10","2026-02-03 01:33:20.122474",True
249,1,"SCP905032848",NULL,"OTRO","VITZ Color: NEGRO Año: 2005 Motor: 1300 c.c",2005,"NEGRO","SCP905032848","1300",NULL,NULL,NULL,NULL,NULL,NULL,"IMPORTADO",NULL,"0.00","0.00","63000000.00","VENDIDO","Migrado de SQL Server. Chapa: ","2025-10-01","2026-02-03 01:33:20.122474",True
250,1,"SCP905033383",NULL,"OTRO","VITZ Color: PLATA Año: 2005 Motor: 1300 c.c",2005,"PLATA","SCP905033383","1300",NULL,NULL,NULL,NULL,NULL,NULL,"IMPORTADO",NULL,"30274000.00","0.00","72000000.00","DISPONIBLE","Migrado de SQL Server. Chapa: ","2025-12-16","2026-02-03 01:33:20.122474",True
251,1,"SCP905037513",NULL,"OTRO","VITZ Color: BLANCO Año: 2006 Motor: 1300 c.c",2006,"BLANCO","SCP905037513","1300",NULL,NULL,NULL,NULL,NULL,NULL,"IMPORTADO",NULL,"0.00","0.00","72000000.00","VENDIDO","Migrado de SQL Server. Chapa: ","2025-10-16","2026-02-03 01:33:20.122474",True
252,1,"SCP905053098",NULL,"OTRO","VITZ Color: CELESTE Año: 2006 Motor: 1300 c.c",2006,"CELESTE","SCP905053098","1300",NULL,NULL,NULL,NULL,NULL,NULL,"IMPORTADO",NULL,"0.00","0.00","59920000.00","VENDIDO","Migrado de SQL Server. Chapa: ","2025-10-09","2026-02-03 01:33:20.122474",True
253,1,"SCP905063342",NULL,"OTRO","VITZ Color: VERDE Año: 2007 Motor: 1300 c.c",2007,"VERDE","SCP905063342","1300",NULL,NULL,NULL,NULL,NULL,NULL,"IMPORTADO",NULL,"0.00","0.00","70125000.00","VENDIDO","Migrado de SQL Server. Chapa: ","2025-10-09","2026-02-03 01:33:20.122474",True
254,1,"SCP905065726",NULL,"OTRO","VITZ Color: NEGRO Año: 2007 Motor: 1300 c.c",2007,"NEGRO","SCP905065726","1300",NULL,NULL,NULL,NULL,NULL,NULL,"IMPORTADO",NULL,"0.00","0.00","70380000.00","VENDIDO","Migrado de SQL Server. Chapa: AATV706","2025-11-03","2026-02-03 01:33:20.122474",True
255,1,"SCP905067962",NULL,"OTRO","VITZ Color: AZUL Año: 2007 Motor: 1300 c.c",2007,"AZUL","SCP905067962","1300",NULL,NULL,NULL,NULL,NULL,NULL,"IMPORTADO",NULL,"0.00","0.00","73000000.00","VENDIDO","Migrado de SQL Server. Chapa: ","2025-12-22","2026-02-03 01:33:20.122474",True
256,1,"SCP905073715",NULL,"OTRO","VITZ Color: AZUL Año: 2007 Motor: 1300 c.c",2007,"AZUL","SCP905073715","1300",NULL,NULL,NULL,NULL,NULL,NULL,"IMPORTADO",NULL,"0.00","0.00","74000000.00","VENDIDO","Migrado de SQL Server. Chapa: ","2025-10-16","2026-02-03 01:33:20.122474",True
257,1,"SCP905078725",NULL,"OTRO","VITZ Color: PURPURA Año: 2007 Motor: 1300 c.c",2007,"PURPURA","SCP905078725","1300",NULL,NULL,NULL,NULL,NULL,NULL,"IMPORTADO",NULL,"30412000.00","0.00","74000000.00","VENDIDO","Migrado de SQL Server. Chapa: ","2025-11-13","2026-02-03 01:33:20.122474",True
258,1,"SCP905084596",NULL,"OTRO","VITZ RS Color: NEGRO Año: 2008 Motor: 1300 c.c",2008,"NEGRO","SCP905084596","1300",NULL,NULL,NULL,NULL,NULL,NULL,"IMPORTADO",NULL,"0.00","0.00","78000000.00","VENDIDO","Migrado de SQL Server. Chapa: ","2025-10-16","2026-02-03 01:33:20.122474",True
259,1,"SCP905090551",NULL,"OTRO","VITZ Color: PURPURA Año: 2008 Motor: 1300 c.c",2008,"PURPURA","SCP905090551","1300",NULL,NULL,NULL,NULL,NULL,NULL,"IMPORTADO",NULL,"0.00","0.00","66500000.00","VENDIDO","Migrado de SQL Server. Chapa: ","2025-09-26","2026-02-03 01:33:20.122474",True
260,1,"SCP905095641",NULL,"OTRO","VITZ RS Color: NEGRO Año: 2008 Motor: 1300 c.c",2008,"NEGRO","SCP905095641","1300",NULL,NULL,NULL,NULL,NULL,NULL,"IMPORTADO",NULL,"0.00","0.00","0.00","VENDIDO","Migrado de SQL Server. Chapa: ","2025-10-10","2026-02-03 01:33:20.122474",True
261,1,"SCP90-5108183",NULL,"OTRO","VITZ Color: AZUL Año: 2008 Motor: 1300 c.c",2008,"AZUL","SCP90-5108183","1300",NULL,NULL,NULL,NULL,NULL,NULL,"IMPORTADO",NULL,"35005000.00","0.00","74000000.00","DISPONIBLE","Migrado de SQL Server. Chapa: ","2025-08-19","2026-02-03 01:33:20.122474",True
262,1,"SCP905123785",NULL,"OTRO","VITZ RS Color: GRIS Año: 2009 Motor: 1300 c.c",2009,"GRIS","SCP905123785","1300",NULL,NULL,NULL,NULL,NULL,NULL,"IMPORTADO",NULL,"0.00","0.00","73500000.00","VENDIDO","Migrado de SQL Server. Chapa: ","2025-10-01","2026-02-03 01:33:20.122474",True
263,1,"SCP905129457",NULL,"OTRO","VITZ RS Color: NEGRO Año: 2009 Motor: 1300 c.c",2009,"NEGRO","SCP905129457","1300",NULL,NULL,NULL,NULL,NULL,NULL,"IMPORTADO",NULL,"0.00","0.00","77600000.00","VENDIDO","Migrado de SQL Server. Chapa: ","2025-10-13","2026-02-03 01:33:20.122474",True
264,1,"SCP905132540",NULL,"OTRO","VITZ RS Color: BLANCO Año: 2009 Motor: 1300 c.c",2009,"BLANCO","SCP905132540","1300",NULL,NULL,NULL,NULL,NULL,NULL,"IMPORTADO",NULL,"37285000.00","0.00","78000000.00","DISPONIBLE","Migrado de SQL Server. Chapa: ","2025-11-13","2026-02-03 01:33:20.122474",True
265,1,"SCP905162173",NULL,"OTRO","VITZ RS Color: NEGRO Año: 2010 Motor: 1300 c.c",2010,"NEGRO","SCP905162173","1300",NULL,NULL,NULL,NULL,NULL,NULL,"IMPORTADO",NULL,"0.00","0.00","77000000.00","VENDIDO","Migrado de SQL Server. Chapa: ","2025-10-10","2026-02-03 01:33:20.122474",True
266,1,"SCP905164021",NULL,"OTRO","VITZ Color: PURPURA Año: 2010 Motor: 1300 c.c",2010,"PURPURA","SCP905164021","1300",NULL,NULL,NULL,NULL,NULL,NULL,"IMPORTADO",NULL,"0.00","0.00","73900000.00","VENDIDO","Migrado de SQL Server. Chapa: ","2025-10-10","2026-02-03 01:33:20.122474",True
267,1,"SCP905166073",NULL,"OTRO","VITZ Color: NEGRO Año: 2010 Motor: 1300 c.c",2010,"NEGRO","SCP905166073","1300",NULL,NULL,NULL,NULL,NULL,NULL,"IMPORTADO",NULL,"0.00","0.00","75800000.00","VENDIDO","Migrado de SQL Server. Chapa: ","2025-10-15","2026-02-03 01:33:20.122474",True
268,1,"SCP90-5168606",NULL,"OTRO","VITZ RS Color: GRIS Año: 2010 Motor: 1300 c.c",2010,"GRIS","SCP90-5168606","1300",NULL,NULL,NULL,NULL,NULL,NULL,"IMPORTADO",NULL,"37526000.00","0.00","78000000.00","DISPONIBLE","Migrado de SQL Server. Chapa: ","2025-11-28","2026-02-03 01:33:20.122474",True
269,1,"SCP921000663",NULL,"OTRO","BELTA Color: PLATA Año: 2005 Motor: 1300 c.c",2005,"PLATA","SCP921000663","1300",NULL,NULL,NULL,NULL,NULL,NULL,"IMPORTADO",NULL,"0.00","0.00","70000000.00","VENDIDO","Migrado de SQL Server. Chapa: ","2025-10-13","2026-02-03 01:33:20.122474",True
270,1,"SCP921017696",NULL,"OTRO","BELTA Color: PLATA Año: 2006 Motor: 1300 c.c",2006,"PLATA","SCP921017696","1300",NULL,NULL,NULL,NULL,NULL,NULL,"IMPORTADO",NULL,"33928000.00","0.00","75000000.00","DISPONIBLE","Migrado de SQL Server. Chapa: ","2026-01-07","2026-02-03 01:33:20.122474",True
271,1,"SCP921030360",NULL,"OTRO","BELTA Color: PERLA Año: 2007 Motor: 1300 c.c",2007,"PERLA","SCP921030360","1300",NULL,NULL,NULL,NULL,NULL,NULL,"IMPORTADO",NULL,"0.00","0.00","71200000.00","VENDIDO","Migrado de SQL Server. Chapa: ","2025-10-15","2026-02-03 01:33:20.122474",True
272,1,"SCP921038897",NULL,"OTRO","BELTA Color: AZUL Año: 2007 Motor: 1300 c.c",2007,"AZUL","SCP921038897","1300",NULL,NULL,NULL,NULL,NULL,NULL,"IMPORTADO",NULL,"0.00","0.00","69500000.00","VENDIDO","Migrado de SQL Server. Chapa: ","2025-10-04","2026-02-03 01:33:20.122474",True
273,1,"ZGE200011405",NULL,"OTRO","WISH Color: PERLA Año: 2009 Motor: 1800 c.c",2009,"PERLA","ZGE200011405","1800",NULL,NULL,NULL,NULL,NULL,NULL,"IMPORTADO",NULL,"0.00","0.00","81980000.00","VENDIDO","Migrado de SQL Server. Chapa: ","2025-10-16","2026-02-03 01:33:20.122474",True
274,1,"ZGE200033048",NULL,"OTRO","WISH Color: NEGRO Año: 2009 Motor: 1800 c.c",2009,"NEGRO","ZGE200033048","1800",NULL,NULL,NULL,NULL,NULL,NULL,"IMPORTADO",NULL,"0.00","0.00","58200000.00","VENDIDO","Migrado de SQL Server. Chapa: ","2025-10-03","2026-02-03 01:33:20.122474",True
275,1,"ZGE200085997",NULL,"OTRO","WISH Color: NEGRO Año: 2010 Motor: 1800 c.c",2010,"NEGRO","ZGE200085997","1800",NULL,NULL,NULL,NULL,NULL,NULL,"IMPORTADO",NULL,"0.00","0.00","79050000.00","VENDIDO","Migrado de SQL Server. Chapa: ","2025-10-15","2026-02-03 01:33:20.122474",True
276,1,"ZNE100019931",NULL,"OTRO","WISH Color: GRIS Año: 2003 Motor: 1800 c.c",2003,"GRIS","ZNE100019931","1800",NULL,NULL,NULL,NULL,NULL,NULL,"IMPORTADO",NULL,"0.00","0.00","65900000.00","VENDIDO","Migrado de SQL Server. Chapa: ","2025-10-10","2026-02-03 01:33:20.122474",True
277,1,"ZRE1426001937",NULL,"OTRO","COROLLA AXIO LUXEL Color: AZUL Año: 2006 Motor: 1500 c.c",2006,"AZUL","ZRE1426001937","1500",NULL,NULL,NULL,NULL,NULL,NULL,"IMPORTADO",NULL,"0.00","0.00","84000000.00","VENDIDO","Migrado de SQL Server. Chapa: ","2025-10-10","2026-02-03 01:33:20.122474",True
278,1,"ZRE1521001639",NULL,"OTRO","AURIS Color: PERLA Año: 2006 Motor: 1800 c.c",2006,"PERLA","ZRE1521001639","1800",NULL,NULL,NULL,NULL,NULL,NULL,"IMPORTADO",NULL,"0.00","0.00","80115000.00","VENDIDO","Migrado de SQL Server. Chapa: AASH307","2025-12-12","2026-02-03 01:33:20.122474",True
279,1,"ZRE1521009141",NULL,"OTRO","AURIS Color: PERLA Año: 2006 Motor: 1800 c.c",2006,"PERLA","ZRE1521009141","1800",NULL,NULL,NULL,NULL,NULL,NULL,"IMPORTADO",NULL,"0.00","0.00","73000000.00","VENDIDO","Migrado de SQL Server. Chapa: ","2025-10-10","2026-02-03 01:33:20.122474",True
280,1,"ZRE1521078170",NULL,"OTRO","AURIS Color: PERLA Año: 2008 Motor: 1800 c.c",2008,"PERLA","ZRE1521078170","1800",NULL,NULL,NULL,NULL,NULL,NULL,"IMPORTADO",NULL,"0.00","0.00","84000000.00","VENDIDO","Migrado de SQL Server. Chapa: ","2025-10-14","2026-02-03 01:33:20.122474",True
281,1,"ZRE1521082038",NULL,"OTRO","AURIS Color: PLATA Año: 2008 Motor: 1800 c.c",2008,"PLATA","ZRE1521082038","1800",NULL,NULL,NULL,NULL,NULL,NULL,"IMPORTADO",NULL,"0.00","0.00","80100000.00","VENDIDO","Migrado de SQL Server. Chapa: ","2025-10-09","2026-02-03 01:33:20.122474",True
282,1,"ZRE1522013021",NULL,"OTRO","AURIS Color: NEGRO Año: 2007 Motor: 1800 c.c",2007,"NEGRO","ZRE1522013021","1800",NULL,NULL,NULL,NULL,NULL,NULL,"IMPORTADO",NULL,"0.00","0.00","64500000.00","VENDIDO","Migrado de SQL Server. Chapa: ","2025-09-26","2026-02-03 01:33:20.122474",True
283,1,"ZRR700016497",NULL,"OTRO","VOXY Color: PLATA Año: 2007 Motor: 2000 c.c",2007,"PLATA","ZRR700016497","2000",NULL,NULL,NULL,NULL,NULL,NULL,"IMPORTADO",NULL,"0.00","0.00","80000000.00","VENDIDO","Migrado de SQL Server. Chapa: ","2025-10-10","2026-02-03 01:33:20.122474",True
284,1,"ZRR700107058",NULL,"OTRO","VOXY Color: PERLA Año: 2008 Motor: 2000 c.c",2008,"PERLA","ZRR700107058","2000",NULL,NULL,NULL,NULL,NULL,NULL,"IMPORTADO",NULL,"0.00","0.00","79500000.00","VENDIDO","Migrado de SQL Server. Chapa: AARI179","2025-10-14","2026-02-03 01:33:20.122474",True
285,1,"ZRR700124003",NULL,"OTRO","VOXY Color: PERLA Año: 2008 Motor: 2000 c.c",2008,"PERLA","ZRR700124003","2000",NULL,NULL,NULL,NULL,NULL,NULL,"IMPORTADO",NULL,"0.00","0.00","84000000.00","VENDIDO","Migrado de SQL Server. Chapa: ","2025-10-16","2026-02-03 01:33:20.122474",True
286,1,"ZRR700131641",NULL,"OTRO","VOXY Color: PERLA Año: 2008 Motor: 2000 c.c",2008,"PERLA","ZRR700131641","2000",NULL,NULL,NULL,NULL,NULL,NULL,"IMPORTADO",NULL,"0.00","0.00","78000000.00","VENDIDO","Migrado de SQL Server. Chapa: ","2025-10-17","2026-02-03 01:33:20.122474",True
287,1,"ZRR700152896",NULL,"OTRO","VOXY Color: NEGRO Año: 2008 Motor: 2000 c.c",2008,"NEGRO","ZRR700152896","2000",NULL,NULL,NULL,NULL,NULL,NULL,"IMPORTADO",NULL,"0.00","0.00","74000000.00","VENDIDO","Migrado de SQL Server. Chapa: ","2025-10-01","2026-02-03 01:33:20.122474",True
288,1,"ZRR700176889",NULL,"OTRO","NOAH Color: PLATA Año: 2008 Motor: 2000 c.c",2008,"PLATA","ZRR700176889","2000",NULL,NULL,NULL,NULL,NULL,NULL,"IMPORTADO",NULL,"0.00","0.00","73400000.00","VENDIDO","Migrado de SQL Server. Chapa: ","2025-10-04","2026-02-03 01:33:20.122474",True
289,1,"ZRR700189000",NULL,"OTRO","VOXY Color: NEGRO Año: 2009 Motor: 2000 c.c",2009,"NEGRO","ZRR700189000","2000",NULL,NULL,NULL,NULL,NULL,NULL,"IMPORTADO",NULL,"41700000.00","0.00","82000000.00","VENDIDO","Migrado de SQL Server. Chapa: ","2025-10-16","2026-02-03 01:33:20.122474",True
290,1,"ZRR700204257",NULL,"OTRO","VOXY Color: PERLA Año: 2009 Motor: 2000 c.c",2009,"PERLA","ZRR700204257","2000",NULL,NULL,NULL,NULL,NULL,NULL,"IMPORTADO",NULL,"0.00","0.00","77500000.00","VENDIDO","Migrado de SQL Server. Chapa: ","2025-10-10","2026-02-03 01:33:20.122474",True
291,1,"ZRR700209565",NULL,"OTRO","VOXY Color: PERLA Año: 2009 Motor: 2000 c.c",2009,"PERLA","ZRR700209565","2000",NULL,NULL,NULL,NULL,NULL,NULL,"IMPORTADO",NULL,"0.00","0.00","80000000.00","VENDIDO","Migrado de SQL Server. Chapa: ","2025-10-14","2026-02-03 01:33:20.122474",True
292,1,"ZRR700224370",NULL,"OTRO","VOXY Color: AZUL Año: 2009 Motor: 2000 c.c",2009,"AZUL","ZRR700224370","2000",NULL,NULL,NULL,NULL,NULL,NULL,"IMPORTADO",NULL,"0.00","0.00","84000000.00","VENDIDO","Migrado de SQL Server. Chapa: ","2025-10-11","2026-02-03 01:33:20.122474",True
293,1,"ZRR700233367",NULL,"OTRO","VOXY Color: PERLA Año: 2009 Motor: 2000 c.c",2009,"PERLA","ZRR700233367","2000",NULL,NULL,NULL,NULL,NULL,NULL,"IMPORTADO",NULL,"0.00","0.00","80040000.00","VENDIDO","Migrado de SQL Server. Chapa: ","2025-10-09","2026-02-03 01:33:20.122474",True
294,1,"ZRR80-0014931",NULL,"OTRO","VOXY Color: NEGRO Año: 2014 Motor: 2000 c.c",2014,"NEGRO","ZRR80-0014931","2000",NULL,NULL,NULL,NULL,NULL,NULL,"IMPORTADO",NULL,"76120000.00","0.00","120000000.00","DISPONIBLE","Migrado de SQL Server. Chapa: ","2025-08-19","2026-02-03 01:33:20.122474",True
295,1,"ZRT260-3003508",NULL,"OTRO","ALLION Color: BLANCO Año: 2007 Motor: 1800 c.c",2007,"BLANCO","ZRT260-3003508","1800",NULL,NULL,NULL,NULL,NULL,NULL,"IMPORTADO",NULL,"53370000.00","0.00","98000000.00","VENDIDO","Migrado de SQL Server. Chapa: ","2025-10-16","2026-02-03 01:33:20.122474",True
296,1,"ZRT2603020897",NULL,"OTRO","ALLION Color: PLATA Año: 2007 Motor: 1500 c.c",2007,"PLATA","ZRT2603020897","1500",NULL,NULL,NULL,NULL,NULL,NULL,"IMPORTADO",NULL,"0.00","0.00","94800000.00","VENDIDO","Migrado de SQL Server. Chapa: ","2025-10-15","2026-02-03 01:33:20.122474",True
297,1,"ZRT2603033885",NULL,"OTRO","PREMIO Color: BORDO Año: 2008 Motor: 1800 c.c",2008,"BORDO","ZRT2603033885","1800",NULL,NULL,NULL,NULL,NULL,NULL,"IMPORTADO",NULL,"52825000.00","0.00","110000000.00","DISPONIBLE","Migrado de SQL Server. Chapa: ","2025-11-13","2026-02-03 01:33:20.122474",True
298,1,"ZRT2603039032",NULL,"OTRO","ALLION Color: NEGRO Año: 2008 Motor: 1800 c.c",2008,"NEGRO","ZRT2603039032","1800",NULL,NULL,NULL,NULL,NULL,NULL,"IMPORTADO",NULL,"56272000.00","0.00","115000000.00","VENDIDO","Migrado de SQL Server. Chapa: ","2025-11-11","2026-02-03 01:33:20.122474",True
299,1,"ZRT2603044420",NULL,"OTRO","PREMIO Color: PLATA Año: 2008 Motor: 1800 c.c",2008,"PLATA","ZRT2603044420","1800",NULL,NULL,NULL,NULL,NULL,NULL,"IMPORTADO",NULL,"0.00","0.00","95990000.00","VENDIDO","Migrado de SQL Server. Chapa: ","2025-10-15","2026-02-03 01:33:20.122474",True
300,1,"ZRT2603057477",NULL,"OTRO","PREMIO Color: PLATA Año: 2009 Motor: 1800 c.c",2009,"PLATA","ZRT2603057477","1800",NULL,NULL,NULL,NULL,NULL,NULL,"IMPORTADO",NULL,"52595000.00","0.00","110000000.00","DISPONIBLE","Migrado de SQL Server. Chapa: ","2025-11-11","2026-02-03 01:33:20.122474",True
301,1,"ZSP1100002629",NULL,"OTRO","IST Color: GRIS Año: 2007 Motor: 1500 c.c",2007,"GRIS","ZSP1100002629","1500",NULL,NULL,NULL,NULL,NULL,NULL,"IMPORTADO",NULL,"0.00","0.00","80000000.00","VENDIDO","Migrado de SQL Server. Chapa: ","2025-10-01","2026-02-03 01:33:20.122474",True
302,1,"ZSP1100002832",NULL,"OTRO","IST Color: VIOLETA METALIZADO Año: 2007 Motor: 1800 c.c",2007,"VIOLETA METALIZADO","ZSP1100002832","1800",NULL,NULL,NULL,NULL,NULL,NULL,"IMPORTADO",NULL,"0.00","0.00","60000000.00","VENDIDO","Migrado de SQL Server. Chapa: ","2025-10-15","2026-02-03 01:33:20.122474",True
303,1,"ZSP1100003783",NULL,"OTRO","IST Color: NEGRO Año: 2008 Motor: 1800 c.c",2008,"NEGRO","ZSP1100003783","1800",NULL,NULL,NULL,NULL,NULL,NULL,"IMPORTADO",NULL,"0.00","0.00","83200000.00","VENDIDO","Migrado de SQL Server. Chapa: ","2025-10-14","2026-02-03 01:33:20.122474",True
304,1,"ZZE1222008095",NULL,"OTRO","COROLLA RUNX Color: PURPURA OSCURO Año: 2002 Motor: 1800 c.c",2002,"PURPURA OSCURO","ZZE1222008095","1800",NULL,NULL,NULL,NULL,NULL,NULL,"IMPORTADO",NULL,"0.00","0.00","68100000.00","VENDIDO","Migrado de SQL Server. Chapa: ","2025-10-03","2026-02-03 01:33:20.122474",True
305,1,"ZZE1223043303",NULL,"OTRO","COROLLA SPACIO Color: BORDO Año: 2002 Motor: 1800 c.c",2002,"BORDO","ZZE1223043303","1800",NULL,NULL,NULL,NULL,NULL,NULL,"IMPORTADO",NULL,"0.00","0.00","61500000.00","VENDIDO","Migrado de SQL Server. Chapa: ","2025-10-01","2026-02-03 01:33:20.122474",True
306,1,"ZZE1230016533",NULL,"OTRO","COROLLA FIELDER Color: NEGRO Año: 2003 Motor: 1800 c.c",2003,"NEGRO","ZZE1230016533","1800",NULL,NULL,NULL,NULL,NULL,NULL,"IMPORTADO",NULL,"32896000.00","0.00","78050000.00","VENDIDO","Migrado de SQL Server. Chapa: ","2025-12-16","2026-02-03 01:33:20.122474",True
307,1,"ZZE1235000004",NULL,"OTRO","RUNX Color: PLATA Año: 2001 Motor: 1800 c.c",2001,"PLATA","ZZE1235000004","1800",NULL,NULL,NULL,NULL,NULL,NULL,"IMPORTADO",NULL,"0.00","0.00","72600000.00","VENDIDO","Migrado de SQL Server. Chapa: ","2025-10-09","2026-02-03 01:33:20.122474",True
308,1,"ZZR80-0042536",NULL,"OTRO","VOXY Color: PERLA Año: 2014 Motor: 2000 c.c",2014,"PERLA","ZZR80-0042536","2000",NULL,NULL,NULL,NULL,NULL,NULL,"IMPORTADO",NULL,"73726000.00","0.00","120000000.00","VENDIDO","Migrado de SQL Server. Chapa: ","2025-08-19","2026-02-03 01:33:20.122474",True
309,1,"ZZT240-0010460",NULL,"OTRO","ALLION Color: PLATA Año: 2002 Motor: 1800 c.c",2002,"PLATA","ZZT240-0010460","1800",NULL,NULL,NULL,NULL,NULL,NULL,"IMPORTADO",NULL,"42620000.00","0.00","82000000.00","VENDIDO","Migrado de SQL Server. Chapa: ","2025-10-16","2026-02-03 01:33:20.122474",True
310,1,"ZZT2400025442",NULL,"OTRO","ALLION Color: PERLA Año: 2002 Motor: 1800 c.c",2002,"PERLA","ZZT2400025442","1800",NULL,NULL,NULL,NULL,NULL,NULL,"IMPORTADO",NULL,"0.00","0.00","76400000.00","VENDIDO","Migrado de SQL Server. Chapa: ","2025-10-11","2026-02-03 01:33:20.122474",True
311,1,"ZZT2400032175",NULL,"OTRO","PREMIO Color: PERLA Año: 2002 Motor: 1800 c.c",2002,"PERLA","ZZT2400032175","1800",NULL,NULL,NULL,NULL,NULL,NULL,"IMPORTADO",NULL,"42088000.00","0.00","84000000.00","VENDIDO","Migrado de SQL Server. Chapa: ","2025-10-16","2026-02-03 01:33:20.122474",True
312,1,"ZZT2400063308",NULL,"OTRO","ALLION Color: PERLA Año: 2003 Motor: 1800 c.c",2003,"PERLA","ZZT2400063308","1800",NULL,NULL,NULL,NULL,NULL,NULL,"IMPORTADO",NULL,"0.00","0.00","68120000.00","VENDIDO","Migrado de SQL Server. Chapa: ","2025-10-10","2026-02-03 01:33:20.122474",True
313,1,"ZZT2400077432",NULL,"OTRO","PREMIO Color: PLATA Año: 2004 Motor: 1800 c.c",2004,"PLATA","ZZT2400077432","1800",NULL,NULL,NULL,NULL,NULL,NULL,"IMPORTADO",NULL,"0.00","0.00","79000000.00","VENDIDO","Migrado de SQL Server. Chapa: ","2025-10-16","2026-02-03 01:33:20.122474",True
314,1,"ZZT2400122725",NULL,"OTRO","ALLION Color: PERLA Año: 2006 Motor: 1800 c.c",2006,"PERLA","ZZT2400122725","1800",NULL,NULL,NULL,NULL,NULL,NULL,"IMPORTADO",NULL,"0.00","0.00","72000000.00","VENDIDO","Migrado de SQL Server. Chapa: ","2025-09-26","2026-02-03 01:33:20.122474",True
315,1,"ZZT2405003853",NULL,"OTRO","PREMIO Color: PERLA Año: 2003 Motor: 1800 c.c",2003,"PERLA","ZZT2405003853","1800",NULL,NULL,NULL,NULL,NULL,NULL,"IMPORTADO",NULL,"0.00","0.00","55400000.00","VENDIDO","Migrado de SQL Server. Chapa: AAMC828","2025-10-14","2026-02-03 01:33:20.122474",True
316,1,"ZZT2405009426",NULL,"OTRO","PREMIO Color: PLATA Año: 2003 Motor: 1800 c.c",2003,"PLATA","ZZT2405009426","1800",NULL,NULL,NULL,NULL,NULL,NULL,"IMPORTADO",NULL,"0.00","0.00","65100000.00","VENDIDO","Migrado de SQL Server. Chapa: ","2025-09-26","2026-02-03 01:33:20.122474",True
317,1,"ZZT2405015505",NULL,"OTRO","PREMIO Color: PERLA Año: 2003 Motor: 1800 c.c",2003,"PERLA","ZZT2405015505","1800",NULL,NULL,NULL,NULL,NULL,NULL,"IMPORTADO",NULL,"0.00","0.00","81600000.00","VENDIDO","Migrado de SQL Server. Chapa: ","2025-10-15","2026-02-03 01:33:20.122474",True
318,1,"ZZT2405016441",NULL,"OTRO","ALLION Color: PERLA Año: 2003 Motor: 1800 c.c",2003,"PERLA","ZZT2405016441","1800",NULL,NULL,NULL,NULL,NULL,NULL,"IMPORTADO",NULL,"0.00","0.00","80090000.00","VENDIDO","Migrado de SQL Server. Chapa: ","2025-10-15","2026-02-03 01:33:20.122474",True
319,1,"ZZT2410022868",NULL,"OTRO","CALDINA Color: NEGRO Año: 2005 Motor: 1800 c.c",2005,"NEGRO","ZZT2410022868","1800",NULL,NULL,NULL,NULL,NULL,NULL,"IMPORTADO",NULL,"0.00","0.00","55000000.00","VENDIDO","Migrado de SQL Server. Chapa: ","2025-10-02","2026-02-03 01:33:20.122474",True
320,1,"ZZT241-0026007",NULL,"OTRO","CALDINA Color: PLATA Año: 2005 Motor: 1800 c.c",2005,"PLATA","ZZT241-0026007","1800",NULL,NULL,NULL,NULL,NULL,NULL,"IMPORTADO",NULL,"36113000.00","0.00","74000000.00","VENDIDO","Migrado de SQL Server. Chapa: AATP219","2025-10-16","2026-02-03 01:33:20.122474",True
321,1,"ZZT2450022389",NULL,"OTRO","ALLION Color: CELESTE Año: 2004 Motor: 1800 c.c",2004,"CELESTE","ZZT2450022389","1800",NULL,NULL,NULL,NULL,NULL,NULL,"IMPORTADO",NULL,"0.00","0.00","67500000.00","VENDIDO","Migrado de SQL Server. Chapa: ","2025-09-25","2026-02-03 01:33:20.122474",True
